163,False,0,obj1,173,35,18
163,False,1,obj1,171,34,18
163,False,2,obj1,169,33,18
163,False,3,obj1,167,32,18
163,False,4,obj1,166,31,18
163,False,5,obj1,164,30,18
163,False,6,obj1,162,29,18
163,False,7,obj1,161,28,18
163,False,8,obj1,159,27,18
163,False,9,obj1,157,26,18
163,False,10,obj1,156,25,18
163,False,11,obj1,154,24,18
163,False,12,obj1,152,23,18
163,False,13,obj1,151,23,18
163,False,14,obj1,149,22,18
163,False,15,obj1,147,21,18
163,False,16,obj1,146,20,18
163,False,17,obj1,144,19,18
163,False,18,obj1,142,18,18
163,False,19,obj1,141,17,18
163,False,20,obj1,139,16,18
163,False,21,obj1,137,15,18
163,False,22,obj1,135,14,18
163,False,23,obj1,134,13,18
163,False,24,obj1,132,12,18
163,False,25,obj1,130,11,18
163,False,26,obj1,129,11,18
163,False,27,obj1,127,10,18
163,False,28,obj1,125,9,18
163,False,29,obj1,124,8,18
163,False,30,obj1,122,7,18
163,False,31,obj1,120,6,18
163,False,32,obj1,119,5,18
163,False,33,obj1,117,4,18
163,False,34,obj1,115,3,18
163,False,35,obj1,114,2,18
163,False,36,obj1,112,1,18
163,False,37,obj1,110,0,18
163,False,38,obj1,109,0,18
162,False,39,obj1,110,0,17
162,False,40,obj1,111,0,17
162,False,41,obj1,112,0,17
162,False,42,obj1,113,0,17
162,False,43,obj1,114,0,17
162,False,44,obj1,115,0,17
162,False,45,obj1,117,0,17
162,False,46,obj1,118,0,17
162,False,47,obj1,119,0,17
161,False,48,obj1,120,0,17
161,False,49,obj1,121,0,17
161,False,50,obj1,122,0,16
161,False,51,obj1,124,0,16
161,False,52,obj1,125,0,16
161,False,53,obj1,126,0,16
161,False,54,obj1,127,0,16
161,False,55,obj1,128,0,16
161,False,56,obj1,129,0,16
160,False,57,obj1,130,0,16
160,False,58,obj1,132,0,16
160,False,59,obj1,133,0,16
160,False,60,obj1,134,0,16
160,False,61,obj1,135,0,15
160,False,62,obj1,136,0,15
160,False,63,obj1,137,0,15
160,False,64,obj1,139,0,15
160,False,65,obj1,140,0,15
159,False,66,obj1,141,0,15
159,False,67,obj1,142,0,15
159,False,68,obj1,143,0,15
159,False,69,obj1,144,0,15
159,False,70,obj1,145,0,15
159,False,71,obj1,147,0,15
159,False,72,obj1,148,0,14
159,False,73,obj1,149,0,14
159,False,74,obj1,150,0,14
158,False,75,obj1,151,0,14
158,False,76,obj1,152,0,14
158,False,77,obj1,154,0,14
158,False,78,obj1,155,0,14
158,False,79,obj1,156,0,14
158,False,80,obj1,157,0,14
158,False,81,obj1,158,0,14
158,False,82,obj1,159,0,14
158,False,83,obj1,161,0,14
158,False,84,obj1,161,0,14
158,False,85,obj1,161,0,14
158,False,86,obj1,161,1,14
158,False,87,obj1,161,1,14
158,False,88,obj1,161,1,14
158,False,89,obj1,161,2,14
158,False,90,obj1,161,2,14
158,False,91,obj1,161,2,14
158,False,92,obj1,161,3,14
158,False,93,obj1,161,3,14
158,False,94,obj1,161,4,14
159,False,95,obj1,161,4,15
159,False,96,obj1,161,4,15
159,False,97,obj1,161,5,15
159,False,98,obj1,161,5,15
159,False,99,obj1,161,5,15
159,False,100,obj1,161,6,15
159,False,101,obj1,161,6,15
159,False,102,obj1,161,7,15
159,False,103,obj1,161,7,15
159,False,104,obj1,161,7,15
159,False,105,obj1,161,8,15
159,False,106,obj1,161,8,15
160,False,107,obj1,161,8,16
160,False,108,obj1,161,9,16
160,False,109,obj1,161,9,16
160,False,110,obj1,161,10,16
160,False,111,obj1,161,10,16
160,False,112,obj1,161,10,16
160,False,113,obj1,161,11,16
160,False,114,obj1,161,11,16
160,False,115,obj1,161,11,16
160,False,116,obj1,161,12,16
160,False,117,obj1,161,12,16
160,False,118,obj1,161,13,16
161,False,119,obj1,161,13,17
161,False,120,obj1,161,13,17
161,False,121,obj1,161,14,17
161,False,122,obj1,161,14,17
161,False,123,obj1,161,14,17
161,False,124,obj1,161,15,17
161,False,125,obj1,161,15,17
161,False,126,obj1,161,16,17
161,False,127,obj1,161,16,17
161,False,128,obj1,161,16,17
161,False,129,obj1,161,17,17
161,False,130,obj1,161,17,17
162,False,131,obj1,161,17,18
162,False,132,obj1,161,18,18
162,False,133,obj1,161,18,18
162,False,134,obj1,161,19,18
162,False,135,obj1,161,19,18
162,False,136,obj1,161,19,18
162,False,137,obj1,161,20,18
162,False,138,obj1,161,20,18
162,False,139,obj1,161,20,18
162,False,140,obj1,161,21,18
162,False,141,obj1,161,21,18
163,False,142,obj1,161,22,19
163,False,143,obj1,160,21,19
163,False,144,obj1,159,20,19
163,False,145,obj1,158,20,19
163,False,146,obj1,157,19,19
163,False,147,obj1,156,18,19
163,False,148,obj1,155,18,19
163,False,149,obj1,154,17,19
163,False,150,obj1,153,16,19
163,False,151,obj1,152,16,19
163,False,152,obj1,151,15,19
163,False,153,obj1,150,14,19
163,False,154,obj1,149,14,19
163,False,155,obj1,148,13,19
163,False,156,obj1,147,12,19
163,False,157,obj1,146,12,19
163,False,158,obj1,145,11,19
163,False,159,obj1,144,11,19
163,False,160,obj1,143,10,19
163,False,161,obj1,142,9,19
163,False,162,obj1,141,9,19
163,False,163,obj1,140,8,19
163,False,164,obj1,139,7,19
163,False,165,obj1,138,7,19
163,False,166,obj1,137,6,19
163,False,167,obj1,136,5,19
163,False,168,obj1,135,5,19
163,False,169,obj1,134,4,19
163,False,170,obj1,133,3,19
163,False,171,obj1,132,3,19
163,False,172,obj1,131,2,19
163,False,173,obj1,130,1,19
163,False,174,obj1,129,1,19
163,False,175,obj1,128,0,19
163,False,176,obj1,127,0,19
161,False,177,obj1,145,18,17
160,False,178,obj1,144,17,17
160,False,179,obj1,144,17,17
160,False,180,obj1,144,17,17
160,False,181,obj1,144,17,17
160,False,182,obj1,144,17,17
160,False,183,obj1,144,17,17
160,False,184,obj1,143,17,17
160,False,185,obj1,143,16,17
160,False,186,obj1,143,16,17
160,False,187,obj1,143,16,17
159,False,188,obj1,143,16,17
159,False,189,obj1,143,16,17
159,False,190,obj1,142,16,18
159,False,191,obj1,142,16,18
159,False,192,obj1,142,15,18
159,False,193,obj1,142,15,18
159,False,194,obj1,142,15,18
159,False,195,obj1,142,15,18
159,False,196,obj1,142,15,18
159,False,197,obj1,141,15,18
158,False,198,obj1,141,15,18
158,False,199,obj1,141,14,18
158,False,200,obj1,141,14,18
158,False,201,obj1,141,14,18
158,False,202,obj1,141,14,18
158,False,203,obj1,140,14,19
158,False,204,obj1,140,14,19
158,False,205,obj1,140,14,19
158,False,206,obj1,140,14,19
158,False,207,obj1,140,13,19
157,False,208,obj1,140,13,19
157,False,209,obj1,139,13,19
157,False,210,obj1,139,13,19
157,False,211,obj1,139,13,19
157,False,212,obj1,139,13,19
157,False,213,obj1,139,13,19
157,False,214,obj1,139,12,19
157,False,215,obj1,139,12,19
157,False,216,obj1,138,12,20
157,False,217,obj1,138,12,20
156,False,218,obj1,138,12,20
156,False,219,obj1,138,12,20
156,False,220,obj1,138,12,20
156,False,221,obj1,138,11,20
156,False,222,obj1,137,11,20
156,False,223,obj1,137,11,20
156,False,224,obj1,137,11,20
156,False,225,obj1,137,11,20
156,False,226,obj1,137,11,20
156,False,227,obj1,137,11,20
156,False,228,obj1,137,11,21
157,False,229,obj1,155,29,22
157,False,230,obj1,155,29,22
157,False,231,obj1,155,29,22
157,False,232,obj1,155,29,22
157,False,233,obj1,155,29,22
157,False,234,obj1,155,29,22
157,False,235,obj1,155,29,22
157,False,236,obj1,155,29,22
157,False,237,obj1,155,29,22
157,False,238,obj1,155,29,22
157,False,239,obj1,155,29,22
157,False,240,obj1,155,29,22
157,False,241,obj1,155,29,22
157,False,242,obj1,155,29,22
157,False,243,obj1,155,29,22
157,False,244,obj1,155,29,22
157,False,245,obj1,155,29,22
157,False,246,obj1,155,29,22
157,False,247,obj1,155,29,22
157,False,248,obj1,155,29,22
157,False,249,obj1,155,29,22
157,False,250,obj1,155,29,22
157,False,251,obj1,155,29,22
157,False,252,obj1,155,29,22
157,False,253,obj1,155,29,22
157,False,254,obj1,155,29,22
157,False,255,obj1,155,29,22
157,False,256,obj1,155,29,22
157,False,257,obj1,155,29,22
157,False,258,obj1,155,29,22
157,False,259,obj1,155,29,22
157,False,260,obj1,155,29,22
157,False,261,obj1,155,29,22
157,False,262,obj1,155,29,22
157,False,263,obj1,155,29,22
157,False,264,obj1,155,29,22
157,False,265,obj1,155,29,22
157,False,266,obj1,155,29,22
157,False,267,obj1,155,29,22
157,False,268,obj1,155,29,22
157,False,269,obj1,155,29,22
157,False,270,obj1,155,29,22
157,False,271,obj1,155,29,22
157,False,272,obj1,155,29,22
157,False,273,obj1,155,29,22
157,False,274,obj1,155,29,22
157,False,275,obj1,155,29,22
157,False,276,obj1,155,29,22
157,False,277,obj1,155,29,22
157,False,278,obj1,155,29,22
157,False,279,obj1,155,29,22
157,False,280,obj1,155,29,22
157,False,281,obj1,155,29,22
157,False,282,obj1,155,29,22
157,False,283,obj1,155,29,22
157,False,284,obj1,155,29,22
157,False,285,obj1,155,29,22
157,False,286,obj1,155,29,22
157,False,287,obj1,155,29,22
157,False,288,obj1,155,29,22
157,False,289,obj1,155,29,22
157,False,290,obj1,155,29,22
157,False,291,obj1,155,29,22
157,False,292,obj1,155,29,22
157,False,293,obj1,155,29,22
157,False,294,obj1,155,29,22
157,False,295,obj1,155,29,22
157,False,296,obj1,155,29,22
157,False,297,obj1,155,29,22
157,False,298,obj1,155,29,22
157,False,299,obj1,155,29,22
157,False,300,obj1,155,29,22
157,False,301,obj1,155,29,22
157,False,302,obj1,155,29,22
157,False,303,obj1,155,29,22
157,False,304,obj1,155,29,22
157,False,305,obj1,155,29,22
158,False,5306,obj1,161,0,14
155,False,38,obj2,315,204,18
155,False,39,obj2,315,204,18
155,False,40,obj2,315,204,18
155,False,41,obj2,315,204,18
155,False,42,obj2,315,204,18
155,False,43,obj2,315,204,18
155,False,44,obj2,315,204,18
155,False,45,obj2,315,204,18
155,False,46,obj2,315,204,18
155,False,47,obj2,315,204,18
155,False,48,obj2,315,204,18
155,False,49,obj2,315,204,18
155,False,50,obj2,315,204,18
155,False,51,obj2,315,204,18
155,False,52,obj2,315,204,18
155,False,53,obj2,315,204,18
155,False,54,obj2,315,204,18
155,False,55,obj2,315,204,18
155,False,56,obj2,315,204,18
155,False,57,obj2,315,204,18
155,False,58,obj2,315,204,18
155,False,59,obj2,315,204,18
155,False,60,obj2,315,204,18
155,False,61,obj2,315,204,18
155,False,62,obj2,315,204,18
155,False,63,obj2,315,204,18
155,False,64,obj2,315,204,18
155,False,65,obj2,315,204,18
155,False,66,obj2,315,204,18
155,False,67,obj2,315,204,18
155,False,68,obj2,315,204,18
155,False,69,obj2,315,204,18
155,False,70,obj2,315,204,18
155,False,71,obj2,315,204,18
155,False,72,obj2,315,204,18
155,False,73,obj2,315,204,18
155,False,74,obj2,315,204,18
155,False,75,obj2,315,204,18
155,False,76,obj2,315,204,18
155,False,77,obj2,315,204,18
155,False,78,obj2,315,204,18
155,False,79,obj2,315,204,18
155,False,80,obj2,315,204,18
155,False,81,obj2,315,204,18
155,False,82,obj2,315,204,18
155,False,83,obj2,315,204,18
154,False,84,obj2,315,203,18
154,False,85,obj2,315,203,18
154,False,86,obj2,315,203,18
154,False,87,obj2,315,202,18
154,False,88,obj2,315,202,18
154,False,89,obj2,315,202,18
154,False,90,obj2,315,201,18
154,False,91,obj2,315,201,18
154,False,92,obj2,315,201,18
154,False,93,obj2,315,200,18
154,False,94,obj2,315,200,18
154,False,95,obj2,315,200,18
154,False,96,obj2,315,199,18
154,False,97,obj2,315,199,18
154,False,98,obj2,315,199,18
154,False,99,obj2,315,198,18
154,False,100,obj2,315,198,18
154,False,101,obj2,315,198,18
154,False,102,obj2,315,197,18
154,False,103,obj2,315,197,18
154,False,104,obj2,315,197,18
154,False,105,obj2,315,196,18
154,False,106,obj2,315,196,18
154,False,107,obj2,315,196,18
154,False,108,obj2,315,195,18
154,False,109,obj2,315,195,18
154,False,110,obj2,315,195,18
154,False,111,obj2,315,194,18
154,False,112,obj2,315,194,18
154,False,113,obj2,315,194,18
154,False,114,obj2,315,194,18
154,False,115,obj2,315,193,18
154,False,116,obj2,315,193,18
154,False,117,obj2,315,193,18
154,False,118,obj2,315,192,18
154,False,119,obj2,315,192,18
154,False,120,obj2,315,192,18
154,False,121,obj2,315,191,18
154,False,122,obj2,315,191,18
154,False,123,obj2,315,191,18
154,False,124,obj2,315,190,18
154,False,125,obj2,315,190,18
154,False,126,obj2,315,190,18
154,False,127,obj2,315,189,18
154,False,128,obj2,315,189,18
154,False,129,obj2,315,189,18
154,False,130,obj2,315,188,18
154,False,131,obj2,315,188,18
154,False,132,obj2,315,188,18
154,False,133,obj2,315,187,18
154,False,134,obj2,315,187,18
154,False,135,obj2,315,187,18
154,False,136,obj2,315,186,18
154,False,137,obj2,315,186,18
154,False,138,obj2,315,186,18
154,False,139,obj2,315,185,18
154,False,140,obj2,315,185,18
154,False,141,obj2,315,185,18
154,False,142,obj2,315,184,18
154,False,143,obj2,315,184,18
154,False,144,obj2,315,184,18
154,False,145,obj2,315,184,18
154,False,146,obj2,315,183,18
154,False,147,obj2,315,183,18
154,False,148,obj2,315,183,18
154,False,149,obj2,315,182,18
154,False,150,obj2,315,182,18
154,False,151,obj2,315,182,18
154,False,152,obj2,315,181,18
154,False,153,obj2,315,181,18
154,False,154,obj2,315,181,18
154,False,155,obj2,315,180,18
154,False,156,obj2,315,180,18
154,False,157,obj2,315,180,18
154,False,158,obj2,315,179,18
154,False,159,obj2,315,179,18
154,False,160,obj2,315,179,18
154,False,161,obj2,315,178,18
154,False,162,obj2,315,178,18
154,False,163,obj2,315,178,18
154,False,164,obj2,315,177,18
154,False,165,obj2,315,177,18
154,False,166,obj2,315,177,18
154,False,167,obj2,315,176,18
154,False,168,obj2,315,176,18
154,False,169,obj2,315,176,18
154,False,170,obj2,315,175,18
154,False,171,obj2,315,175,18
154,False,172,obj2,315,175,18
154,False,173,obj2,315,174,18
154,False,174,obj2,315,174,18
154,False,175,obj2,315,174,18
154,False,176,obj2,315,174,18
156,False,177,obj2,290,149,20
155,False,178,obj2,290,149,19
155,False,179,obj2,290,149,19
155,False,180,obj2,290,149,19
155,False,181,obj2,291,149,19
155,False,182,obj2,291,149,19
155,False,183,obj2,291,149,19
155,False,184,obj2,291,149,19
155,False,185,obj2,292,149,19
155,False,186,obj2,292,149,19
155,False,187,obj2,292,149,19
155,False,188,obj2,292,149,19
155,False,189,obj2,293,149,19
155,False,190,obj2,293,149,19
155,False,191,obj2,293,149,19
155,False,192,obj2,293,149,19
155,False,193,obj2,294,149,19
155,False,194,obj2,294,149,19
155,False,195,obj2,294,149,19
155,False,196,obj2,294,149,19
155,False,197,obj2,295,149,19
155,False,198,obj2,295,149,19
155,False,199,obj2,295,149,19
155,False,200,obj2,295,149,19
155,False,201,obj2,296,149,19
155,False,202,obj2,296,149,19
154,False,203,obj2,296,150,19
154,False,204,obj2,296,150,19
154,False,205,obj2,297,150,19
154,False,206,obj2,297,150,19
154,False,207,obj2,297,150,19
154,False,208,obj2,297,150,19
154,False,209,obj2,298,150,19
154,False,210,obj2,298,150,19
154,False,211,obj2,298,150,19
154,False,212,obj2,298,150,19
154,False,213,obj2,299,150,19
154,False,214,obj2,299,150,19
154,False,215,obj2,299,150,19
154,False,216,obj2,299,150,19
154,False,217,obj2,300,150,19
154,False,218,obj2,300,150,19
154,False,219,obj2,300,150,19
154,False,220,obj2,300,150,19
154,False,221,obj2,301,150,19
154,False,222,obj2,301,150,19
154,False,223,obj2,301,150,19
154,False,224,obj2,301,150,19
154,False,225,obj2,302,150,19
154,False,226,obj2,302,150,19
154,False,227,obj2,302,150,19
154,False,228,obj2,303,151,19
157,False,229,obj2,319,167,22
157,False,230,obj2,319,167,22
157,False,231,obj2,319,167,22
157,False,232,obj2,319,167,22
157,False,233,obj2,319,167,22
157,False,234,obj2,319,167,22
157,False,235,obj2,319,167,22
157,False,236,obj2,319,167,22
157,False,237,obj2,319,167,22
157,False,238,obj2,319,167,22
157,False,239,obj2,319,167,22
157,False,240,obj2,319,167,22
157,False,241,obj2,319,167,22
157,False,242,obj2,319,167,22
157,False,243,obj2,319,167,22
157,False,244,obj2,319,167,22
157,False,245,obj2,319,167,22
157,False,246,obj2,319,167,22
157,False,247,obj2,319,167,22
157,False,248,obj2,319,167,22
157,False,249,obj2,319,167,22
157,False,250,obj2,319,167,22
157,False,251,obj2,319,167,22
157,False,252,obj2,319,167,22
157,False,253,obj2,319,167,22
157,False,254,obj2,319,167,22
157,False,255,obj2,319,167,22
157,False,256,obj2,319,167,22
157,False,257,obj2,319,167,22
157,False,258,obj2,319,167,22
157,False,259,obj2,319,167,22
157,False,260,obj2,319,167,22
157,False,261,obj2,319,167,22
157,False,262,obj2,319,167,22
157,False,263,obj2,319,167,22
157,False,264,obj2,319,167,22
157,False,265,obj2,319,167,22
157,False,266,obj2,319,167,22
157,False,267,obj2,319,167,22
157,False,268,obj2,319,167,22
157,False,269,obj2,319,167,22
157,False,270,obj2,319,167,22
157,False,271,obj2,319,167,22
157,False,272,obj2,319,167,22
157,False,273,obj2,319,167,22
157,False,274,obj2,319,167,22
157,False,275,obj2,319,167,22
157,False,276,obj2,319,167,22
157,False,277,obj2,319,167,22
157,False,278,obj2,319,167,22
157,False,279,obj2,319,167,22
157,False,280,obj2,319,167,22
157,False,281,obj2,319,167,22
157,False,282,obj2,319,167,22
157,False,283,obj2,319,167,22
157,False,284,obj2,319,167,22
157,False,285,obj2,319,167,22
157,False,286,obj2,319,167,22
157,False,287,obj2,319,167,22
157,False,288,obj2,319,167,22
157,False,289,obj2,319,167,22
157,False,290,obj2,319,167,22
157,False,291,obj2,319,167,22
157,False,292,obj2,319,167,22
157,False,293,obj2,319,167,22
157,False,294,obj2,319,167,22
157,False,295,obj2,319,167,22
157,False,296,obj2,319,167,22
157,False,297,obj2,319,167,22
157,False,298,obj2,319,167,22
157,False,299,obj2,319,167,22
157,False,300,obj2,319,167,22
157,False,301,obj2,319,167,22
157,False,302,obj2,319,167,22
157,False,303,obj2,319,167,22
157,False,304,obj2,319,167,22
157,False,305,obj2,319,167,22
155,False,5306,obj2,315,204,18
159,False,1212,obj3,307,109,20
159,False,1213,obj3,307,109,20
159,False,1214,obj3,307,109,20
159,False,1215,obj3,307,109,20
159,False,1216,obj3,307,109,20
159,False,1217,obj3,307,109,20
159,False,1218,obj3,307,109,20
159,False,1219,obj3,307,109,20
159,False,1220,obj3,307,109,20
159,False,1221,obj3,307,109,20
159,False,1222,obj3,307,109,20
159,False,1223,obj3,307,109,20
159,False,1224,obj3,307,109,20
159,False,1225,obj3,307,109,20
159,False,1226,obj3,307,109,20
159,False,1227,obj3,307,109,20
159,False,1228,obj3,307,109,20
159,False,1229,obj3,307,109,20
159,False,1230,obj3,307,109,20
159,False,1231,obj3,307,109,20
159,False,1232,obj3,307,109,20
159,False,1233,obj3,307,109,20
159,False,1234,obj3,307,109,20
159,False,1235,obj3,307,109,20
159,False,1236,obj3,307,109,20
159,False,1237,obj3,307,109,20
159,False,1238,obj3,307,109,20
159,False,1239,obj3,307,109,20
159,False,1240,obj3,307,109,20
159,False,1241,obj3,307,109,20
159,False,1242,obj3,307,109,20
159,False,1243,obj3,307,109,20
159,False,1244,obj3,307,109,20
159,False,1245,obj3,307,109,20
159,False,1246,obj3,307,109,20
159,False,1247,obj3,307,109,20
159,False,1248,obj3,307,109,20
159,False,1249,obj3,307,109,20
159,False,1250,obj3,307,109,20
159,False,1251,obj3,307,109,20
159,False,1252,obj3,307,109,20
159,False,1253,obj3,307,109,20
159,False,1254,obj3,307,109,20
159,False,1255,obj3,307,109,20
159,False,1256,obj3,307,109,20
159,False,1257,obj3,307,109,20
159,False,1258,obj3,307,109,20
159,False,1259,obj3,307,109,20
159,False,1260,obj3,307,109,20
159,False,1261,obj3,307,109,20
159,False,1262,obj3,307,109,20
159,False,1263,obj3,307,109,20
159,False,1264,obj3,307,109,20
159,False,1265,obj3,307,109,20
159,False,1266,obj3,307,109,20
159,False,1267,obj3,307,109,20
159,False,1268,obj3,307,109,20
159,False,1269,obj3,307,109,20
159,False,1270,obj3,307,109,20
159,False,1271,obj3,307,109,20
159,False,1272,obj3,307,109,20
159,False,1273,obj3,307,109,20
159,False,1274,obj3,307,109,20
159,False,1275,obj3,307,109,20
159,False,1276,obj3,307,109,20
159,False,1277,obj3,307,109,20
159,False,1278,obj3,307,109,20
159,False,1279,obj3,307,109,20
159,False,1280,obj3,307,109,20
159,False,1281,obj3,307,109,20
159,False,1282,obj3,307,109,20
159,False,1283,obj3,307,109,20
159,False,1284,obj3,307,109,20
159,False,1285,obj3,307,109,20
159,False,1286,obj3,307,109,20
159,False,1287,obj3,307,109,20
159,False,1288,obj3,307,109,20
159,False,1289,obj3,307,109,20
159,False,1290,obj3,307,109,20
159,False,1291,obj3,307,109,20
159,False,1292,obj3,307,109,20
159,False,1293,obj3,307,109,20
159,False,1294,obj3,307,109,20
159,False,1295,obj3,307,109,20
159,False,1296,obj3,307,109,20
159,False,1297,obj3,307,109,20
159,False,1298,obj3,307,109,20
159,False,1299,obj3,307,109,20
159,False,1300,obj3,307,109,20
159,False,1301,obj3,307,109,20
159,False,1302,obj3,307,109,20
159,False,1303,obj3,307,109,20
159,False,1304,obj3,307,109,20
159,False,1305,obj3,307,109,20
159,False,1306,obj3,307,109,20
159,False,1307,obj3,307,109,20
159,False,1308,obj3,307,109,20
159,False,1309,obj3,307,109,20
159,False,1310,obj3,307,109,20
159,False,1311,obj3,307,109,20
159,False,1312,obj3,307,109,20
159,False,1313,obj3,307,109,20
157,False,1452,obj4,303,137,21
157,False,1453,obj4,302,137,21
157,False,1454,obj4,302,137,21
157,False,1455,obj4,302,137,21
157,False,1456,obj4,302,137,21
157,False,1457,obj4,302,137,21
157,False,1458,obj4,302,137,21
157,False,1459,obj4,301,137,21
157,False,1460,obj4,301,137,21
157,False,1461,obj4,301,137,21
157,False,1462,obj4,301,137,21
157,False,1463,obj4,301,137,22
157,False,1464,obj4,301,137,22
157,False,1465,obj4,301,137,22
157,False,1466,obj4,300,137,22
157,False,1467,obj4,300,137,22
157,False,1468,obj4,300,137,22
157,False,1469,obj4,300,137,22
157,False,1470,obj4,300,137,22
157,False,1471,obj4,300,137,22
157,False,1472,obj4,300,137,22
157,False,1473,obj4,299,137,23
157,False,1474,obj4,299,137,23
157,False,1475,obj4,299,137,23
157,False,1476,obj4,299,137,23
157,False,1477,obj4,299,137,23
157,False,1478,obj4,299,137,23
157,False,1479,obj4,299,137,23
157,False,1480,obj4,298,137,23
157,False,1481,obj4,298,137,23
157,False,1482,obj4,298,137,23
157,False,1483,obj4,298,137,24
157,False,1484,obj4,298,137,24
157,False,1485,obj4,298,137,24
157,False,1486,obj4,298,137,24
157,False,1487,obj4,297,137,24
157,False,1488,obj4,297,137,24
157,False,1489,obj4,297,137,24
157,False,1490,obj4,297,137,24
157,False,1491,obj4,297,137,24
157,False,1492,obj4,297,137,24
158,False,1493,obj4,297,138,25
157,False,1494,obj4,297,138,25
157,False,1495,obj4,297,138,26
157,False,1496,obj4,297,139,27
157,False,1497,obj4,298,139,27
157,False,1498,obj4,298,139,28
157,False,1499,obj4,298,140,29
157,False,1500,obj4,298,140,29
157,False,1501,obj4,299,140,30
157,False,1502,obj4,299,141,31
157,False,1503,obj4,299,141,32
156,False,1504,obj4,299,141,32
156,False,1505,obj4,300,142,33
156,False,1506,obj4,300,142,34
156,False,1507,obj4,300,142,34
156,False,1508,obj4,300,143,35
156,False,1509,obj4,301,143,36
156,False,1510,obj4,301,143,36
156,False,1511,obj4,301,144,37
156,False,1512,obj4,301,144,38
156,False,1513,obj4,302,145,39
156,False,1514,obj4,304,143,37
157,False,1515,obj4,307,142,35
158,False,1516,obj4,310,140,34
158,False,1517,obj4,312,139,32
159,False,1518,obj4,315,137,30
160,False,1519,obj4,318,136,29
159,False,1520,obj4,314,134,29
159,False,1521,obj4,311,133,30
159,False,1522,obj4,308,131,30
159,False,1523,obj4,305,130,31
159,False,1524,obj4,301,128,31
159,False,1525,obj4,298,127,32
158,False,1526,obj4,295,125,33
158,False,1527,obj4,292,124,33
158,False,1528,obj4,288,122,34
158,False,1529,obj4,285,121,34
158,False,1530,obj4,282,119,35
158,False,1531,obj4,279,118,36
157,False,1532,obj4,276,115,35
157,False,1533,obj4,273,112,34
156,False,1534,obj4,270,109,33
156,False,1535,obj4,267,106,32
155,False,1536,obj4,264,103,31
155,False,1537,obj4,261,101,30
155,False,1538,obj4,258,98,29
154,False,1539,obj4,255,95,28
154,False,1540,obj4,252,92,27
153,False,1541,obj4,249,89,26
153,False,1542,obj4,246,86,25
153,False,1543,obj4,244,84,25
154,False,1544,obj4,250,95,26
156,False,1545,obj4,256,107,28
157,False,1546,obj4,263,119,30
159,False,1547,obj4,269,131,32
161,False,1548,obj4,276,143,34
138,False,1844,obj5,142,50,38
138,False,1845,obj5,143,50,37
139,False,1846,obj5,144,50,37
140,False,1847,obj5,145,50,36
141,False,1848,obj5,146,51,36
142,False,1849,obj5,147,51,35
142,False,1850,obj5,148,51,35
143,False,1851,obj5,149,51,34
144,False,1852,obj5,150,52,34
145,False,1853,obj5,151,52,33
146,False,1854,obj5,152,52,33
146,False,1855,obj5,153,52,32
147,False,1856,obj5,154,53,32
148,False,1857,obj5,155,53,31
149,False,1858,obj5,156,53,31
150,False,1859,obj5,157,54,31
150,False,1860,obj5,158,54,30
151,False,1861,obj5,159,54,30
152,False,1862,obj5,160,54,29
153,False,1863,obj5,161,55,29
154,False,1864,obj5,162,55,28
154,False,1865,obj5,163,55,28
155,False,1866,obj5,164,55,27
156,False,1867,obj5,165,56,27
157,False,1868,obj5,166,56,26
158,False,1869,obj5,167,56,26
158,False,1870,obj5,168,56,25
159,False,1871,obj5,169,57,25
160,False,1872,obj5,170,57,24
161,False,1873,obj5,171,57,24
162,False,1874,obj5,172,58,24
161,False,1875,obj5,172,58,23
161,False,1876,obj5,173,59,23
161,False,1877,obj5,174,60,23
161,False,1878,obj5,175,61,23
161,False,1879,obj5,175,61,23
161,False,1880,obj5,176,62,23
161,False,1881,obj5,177,63,23
161,False,1882,obj5,178,64,23
161,False,1883,obj5,179,65,23
161,False,1884,obj5,179,65,23
161,False,1885,obj5,180,66,23
161,False,1886,obj5,181,67,23
161,False,1887,obj5,182,68,23
161,False,1888,obj5,183,69,23
160,False,1889,obj5,183,69,22
160,False,1890,obj5,184,70,22
160,False,1891,obj5,185,71,22
160,False,1892,obj5,186,72,22
160,False,1893,obj5,187,73,22
160,False,1894,obj5,187,73,22
160,False,1895,obj5,188,74,22
160,False,1896,obj5,189,75,22
160,False,1897,obj5,190,76,22
160,False,1898,obj5,190,76,22
160,False,1899,obj5,191,77,22
160,False,1900,obj5,192,78,22
160,False,1901,obj5,193,79,22
160,False,1902,obj5,194,80,22
159,False,1903,obj5,194,80,21
159,False,1904,obj5,195,81,21
159,False,1905,obj5,196,82,21
159,False,1906,obj5,197,83,21
159,False,1907,obj5,198,84,21
159,False,1908,obj5,198,84,21
159,False,1909,obj5,199,85,21
159,False,1910,obj5,200,86,21
159,False,1911,obj5,201,87,21
159,False,1912,obj5,202,88,21
159,False,1913,obj5,202,88,21
159,False,1914,obj5,203,89,21
159,False,1915,obj5,204,90,21
159,False,1916,obj5,205,91,21
159,False,1917,obj5,206,92,21
159,False,1918,obj5,206,92,21
159,False,1919,obj5,206,92,21
159,False,1920,obj5,206,92,21
159,False,1921,obj5,206,92,21
159,False,1922,obj5,206,92,21
159,False,1923,obj5,206,92,21
159,False,1924,obj5,206,92,21
159,False,1925,obj5,206,92,21
159,False,1926,obj5,206,92,21
159,False,1927,obj5,206,92,21
159,False,1928,obj5,206,92,21
159,False,1929,obj5,206,92,21
159,False,1930,obj5,206,92,21
159,False,1931,obj5,206,92,21
159,False,1932,obj5,206,92,21
159,False,1933,obj5,206,92,21
159,False,1934,obj5,206,92,21
159,False,1935,obj5,206,92,21
159,False,1936,obj5,206,92,21
159,False,1937,obj5,206,92,21
159,False,1938,obj5,206,92,21
161,False,2443,obj6,288,124,19
160,False,2444,obj6,287,123,18
160,False,2445,obj6,286,122,18
160,False,2446,obj6,285,121,18
160,False,2447,obj6,285,121,18
160,False,2448,obj6,284,120,18
160,False,2449,obj6,283,119,18
160,False,2450,obj6,283,119,18
160,False,2451,obj6,282,118,18
160,False,2452,obj6,281,117,18
160,False,2453,obj6,281,117,18
160,False,2454,obj6,280,116,18
160,False,2455,obj6,279,115,18
160,False,2456,obj6,279,115,18
160,False,2457,obj6,278,114,18
160,False,2458,obj6,277,113,18
160,False,2459,obj6,277,113,18
160,False,2460,obj6,276,112,18
160,False,2461,obj6,275,111,18
160,False,2462,obj6,275,111,18
160,False,2463,obj6,274,110,18
160,False,2464,obj6,273,109,18
160,False,2465,obj6,272,108,18
160,False,2466,obj6,272,108,18
160,False,2467,obj6,271,107,18
160,False,2468,obj6,270,106,18
160,False,2469,obj6,270,106,18
160,False,2470,obj6,269,105,18
160,False,2471,obj6,268,104,18
159,False,2472,obj6,268,104,17
159,False,2473,obj6,267,103,17
159,False,2474,obj6,266,102,17
159,False,2475,obj6,266,102,17
159,False,2476,obj6,265,101,17
159,False,2477,obj6,264,100,17
159,False,2478,obj6,264,100,17
159,False,2479,obj6,263,99,17
159,False,2480,obj6,262,98,17
159,False,2481,obj6,262,98,17
159,False,2482,obj6,261,97,17
159,False,2483,obj6,260,96,17
159,False,2484,obj6,259,95,17
159,False,2485,obj6,259,95,17
159,False,2486,obj6,258,94,17
159,False,2487,obj6,257,93,17
159,False,2488,obj6,257,93,17
159,False,2489,obj6,256,92,17
159,False,2490,obj6,255,91,17
159,False,2491,obj6,255,91,17
159,False,2492,obj6,254,90,17
159,False,2493,obj6,253,89,17
159,False,2494,obj6,253,89,17
159,False,2495,obj6,252,88,17
159,False,2496,obj6,251,87,17
159,False,2497,obj6,251,87,17
159,False,2498,obj6,250,86,17
159,False,2499,obj6,249,85,17
159,False,2500,obj6,249,85,17
158,False,2501,obj6,249,84,17
158,False,2502,obj6,249,84,17
158,False,2503,obj6,249,83,17
158,False,2504,obj6,249,83,17
158,False,2505,obj6,249,83,17
158,False,2506,obj6,249,82,17
158,False,2507,obj6,249,82,17
158,False,2508,obj6,249,82,17
158,False,2509,obj6,249,81,17
158,False,2510,obj6,249,81,17
158,False,2511,obj6,249,81,17
158,False,2512,obj6,249,80,17
158,False,2513,obj6,249,80,17
158,False,2514,obj6,249,80,17
158,False,2515,obj6,249,79,17
158,False,2516,obj6,249,79,17
158,False,2517,obj6,249,79,17
158,False,2518,obj6,249,78,17
158,False,2519,obj6,249,78,17
158,False,2520,obj6,249,78,17
158,False,2521,obj6,249,77,17
158,False,2522,obj6,249,77,17
158,False,2523,obj6,249,76,17
158,False,2524,obj6,249,76,17
158,False,2525,obj6,249,76,17
158,False,2526,obj6,249,75,17
158,False,2527,obj6,249,75,17
158,False,2528,obj6,249,75,17
158,False,2529,obj6,249,74,17
158,False,2530,obj6,249,74,17
158,False,2531,obj6,249,74,17
158,False,2532,obj6,249,73,17
158,False,2533,obj6,249,73,17
158,False,2534,obj6,249,73,17
158,False,2535,obj6,249,72,17
158,False,2536,obj6,249,72,17
158,False,2537,obj6,249,72,17
158,False,2538,obj6,249,71,17
158,False,2539,obj6,249,71,17
158,False,2540,obj6,249,71,17
158,False,2541,obj6,249,70,17
158,False,2542,obj6,249,70,17
158,False,2543,obj6,249,69,17
158,False,2544,obj6,249,69,17
158,False,2545,obj6,249,69,17
158,False,2546,obj6,249,68,17
158,False,2547,obj6,249,68,17
158,False,2548,obj6,249,68,17
158,False,2549,obj6,249,67,17
158,False,2550,obj6,249,67,17
158,False,2551,obj6,249,67,17
158,False,2552,obj6,249,66,17
158,False,2553,obj6,249,66,17
158,False,2554,obj6,249,66,17
158,False,2555,obj6,249,65,17
158,False,2556,obj6,249,65,17
158,False,2557,obj6,249,65,17
158,False,2558,obj6,249,64,17
158,False,2559,obj6,249,64,17
158,False,2560,obj6,249,64,17
158,False,2561,obj6,249,63,17
158,False,2562,obj6,249,63,17
158,False,2563,obj6,249,62,17
158,False,2564,obj6,249,62,17
158,False,2565,obj6,249,62,17
158,False,2566,obj6,249,61,17
158,False,2567,obj6,249,61,17
158,False,2568,obj6,249,61,17
158,False,2569,obj6,249,60,17
158,False,2570,obj6,249,60,17
158,False,2571,obj6,249,60,17
158,False,2572,obj6,249,59,17
158,False,2573,obj6,249,59,17
158,False,2574,obj6,249,59,17
158,False,2575,obj6,249,58,17
158,False,2576,obj6,249,58,17
158,False,2577,obj6,249,58,17
158,False,2578,obj6,249,57,17
158,False,2579,obj6,249,57,17
158,False,2580,obj6,249,57,17
158,False,2581,obj6,249,56,17
158,False,2582,obj6,249,56,17
158,False,2583,obj6,249,55,17
158,False,2584,obj6,249,55,17
158,False,2585,obj6,249,55,17
158,False,2586,obj6,249,54,17
158,False,2587,obj6,249,54,17
158,False,2588,obj6,249,54,17
158,False,2589,obj6,249,53,17
158,False,2590,obj6,249,53,17
158,False,2591,obj6,249,53,17
158,False,2592,obj6,249,52,17
158,False,2593,obj6,249,52,17
158,False,2594,obj6,249,52,17
158,False,2595,obj6,249,51,17
158,False,2596,obj6,249,51,17
158,False,2597,obj6,249,51,17
158,False,2598,obj6,249,50,17
158,False,2599,obj6,249,50,17
158,False,2600,obj6,249,50,17
158,False,2601,obj6,249,49,17
158,False,2602,obj6,249,49,17
158,False,2603,obj6,249,49,17
158,False,2604,obj6,249,48,17
158,False,2605,obj6,249,48,17
158,False,2606,obj6,249,47,17
158,False,2607,obj6,249,47,17
158,False,2608,obj6,249,47,17
158,False,2609,obj6,249,46,17
158,False,2610,obj6,249,46,17
158,False,2611,obj6,249,46,17
158,False,2612,obj6,249,45,17
158,False,2613,obj6,249,45,17
158,False,2614,obj6,249,45,17
158,False,2615,obj6,249,44,17
158,False,2616,obj6,249,44,17
158,False,2617,obj6,249,44,17
158,False,2618,obj6,249,43,17
158,False,2619,obj6,249,43,17
158,False,2620,obj6,249,43,17
158,False,2621,obj6,249,42,17
158,False,2622,obj6,249,42,17
158,False,2623,obj6,249,42,17
158,False,2624,obj6,249,41,17
158,False,2625,obj6,249,41,17
158,False,2626,obj6,249,40,17
158,False,2627,obj6,249,40,17
158,False,2628,obj6,249,40,17
158,False,2629,obj6,249,39,17
158,False,2630,obj6,249,39,17
158,False,2631,obj6,249,39,17
158,False,2632,obj6,249,38,17
158,False,2633,obj6,249,38,17
158,False,2634,obj6,249,38,17
158,False,2635,obj6,249,37,17
158,False,2636,obj6,249,37,17
158,False,2637,obj6,249,37,17
158,False,2638,obj6,249,36,17
158,False,2639,obj6,249,36,17
158,False,2640,obj6,249,36,17
158,False,2641,obj6,249,35,17
158,False,2642,obj6,249,35,17
158,False,2643,obj6,249,35,17
158,False,2644,obj6,249,34,17
158,False,2645,obj6,249,34,17
158,False,2646,obj6,249,33,17
158,False,2647,obj6,249,33,17
158,False,2648,obj6,249,33,17
158,False,2649,obj6,249,32,17
158,False,2650,obj6,249,32,17
158,False,2651,obj6,249,32,17
158,False,2652,obj6,249,31,17
158,False,2653,obj6,249,31,17
158,False,2654,obj6,249,31,17
158,False,2655,obj6,249,30,17
158,False,2656,obj6,249,30,17
158,False,2657,obj6,249,30,17
158,False,2658,obj6,249,29,17
158,False,2659,obj6,249,29,17
158,False,2660,obj6,249,29,17
158,False,2661,obj6,249,28,17
158,False,2662,obj6,249,28,17
158,False,2663,obj6,249,28,17
158,False,2664,obj6,249,27,17
158,False,2665,obj6,249,27,17
158,False,2666,obj6,249,26,17
158,False,2667,obj6,249,26,17
158,False,2668,obj6,249,26,17
158,False,2669,obj6,249,25,17
158,False,2670,obj6,249,25,17
158,False,2671,obj6,249,25,17
158,False,2672,obj6,249,24,17
158,False,2673,obj6,249,24,17
158,False,2674,obj6,249,24,17
158,False,2675,obj6,249,23,17
158,False,2676,obj6,249,23,17
158,False,2677,obj6,249,23,17
158,False,2678,obj6,249,22,17
158,False,2679,obj6,249,22,17
158,False,2680,obj6,249,22,17
158,False,2681,obj6,249,21,17
158,False,2682,obj6,249,21,17
158,False,2683,obj6,249,21,17
158,False,2684,obj6,249,20,17
158,False,2685,obj6,249,20,17
158,False,2686,obj6,249,20,17
157,False,2764,obj6,319,40,17
157,False,2765,obj6,319,40,17
157,False,2766,obj6,319,40,17
157,False,2767,obj6,319,40,17
157,False,2768,obj6,319,40,17
157,False,2769,obj6,319,40,17
157,False,2770,obj6,319,40,17
157,False,2771,obj6,319,40,17
157,False,2772,obj6,319,40,17
157,False,2773,obj6,319,40,17
157,False,2774,obj6,319,40,17
157,False,2775,obj6,319,40,17
157,False,2776,obj6,319,40,17
157,False,2777,obj6,319,40,17
157,False,2778,obj6,319,40,17
157,False,2779,obj6,319,40,17
157,False,2780,obj6,319,40,17
157,False,2781,obj6,319,40,17
157,False,2782,obj6,319,40,17
157,False,2783,obj6,319,40,17
157,False,2784,obj6,319,40,17
157,False,2785,obj6,319,40,17
157,False,2786,obj6,319,40,17
157,False,2787,obj6,319,40,17
157,False,2788,obj6,319,40,17
157,False,2789,obj6,319,40,17
157,False,2790,obj6,319,40,17
157,False,2791,obj6,319,40,17
157,False,2792,obj6,319,40,17
157,False,2793,obj6,319,40,17
157,False,2794,obj6,319,40,17
157,False,2795,obj6,319,40,17
157,False,2796,obj6,319,40,17
157,False,2797,obj6,319,40,17
157,False,2798,obj6,319,40,17
157,False,2799,obj6,319,40,17
157,False,2800,obj6,319,40,17
157,False,2801,obj6,319,40,17
157,False,2802,obj6,319,40,17
157,False,2803,obj6,319,40,17
157,False,2804,obj6,319,40,17
157,False,2805,obj6,319,40,17
157,False,2806,obj6,319,40,17
157,False,2807,obj6,319,40,17
157,False,2808,obj6,319,40,17
157,False,2809,obj6,319,40,17
157,False,2810,obj6,319,40,17
157,False,2811,obj6,319,40,17
157,False,2812,obj6,319,40,17
157,False,2813,obj6,319,40,17
157,False,2814,obj6,319,40,17
157,False,2815,obj6,319,40,17
157,False,2816,obj6,319,40,17
157,False,2817,obj6,319,40,17
157,False,2818,obj6,319,40,17
157,False,2819,obj6,319,40,17
157,False,2820,obj6,319,40,17
157,False,2821,obj6,319,40,17
157,False,2822,obj6,319,40,17
157,False,2823,obj6,319,40,17
157,False,2824,obj6,319,40,17
157,False,2825,obj6,319,40,17
157,False,2826,obj6,319,40,17
157,False,2827,obj6,319,40,17
157,False,2828,obj6,319,40,17
157,False,2829,obj6,319,40,17
157,False,2830,obj6,319,40,17
157,False,2831,obj6,319,40,17
157,False,2832,obj6,319,40,17
157,False,2833,obj6,319,40,17
157,False,2834,obj6,319,40,17
157,False,2835,obj6,319,40,17
157,False,2836,obj6,319,40,17
157,False,2837,obj6,319,40,17
157,False,2838,obj6,319,40,17
157,False,2839,obj6,319,40,17
157,False,2840,obj6,319,40,17
157,False,2841,obj6,319,40,17
157,False,2842,obj6,319,40,17
157,False,2843,obj6,319,40,17
157,False,2936,obj7,295,69,20
156,False,2937,obj7,294,69,20
156,False,2938,obj7,293,69,20
156,False,2939,obj7,293,69,20
156,False,2940,obj7,292,69,20
156,False,2941,obj7,292,69,20
156,False,2942,obj7,291,69,20
156,False,2943,obj7,291,69,20
156,False,2944,obj7,290,69,20
156,False,2945,obj7,290,69,20
156,False,2946,obj7,289,69,20
156,False,2947,obj7,289,69,20
156,False,2948,obj7,288,69,20
156,False,2949,obj7,288,69,20
156,False,2950,obj7,287,69,20
156,False,2951,obj7,286,69,20
156,False,2952,obj7,286,69,20
156,False,2953,obj7,285,69,20
156,False,2954,obj7,285,69,20
156,False,2955,obj7,284,69,20
156,False,2956,obj7,284,69,20
156,False,2957,obj7,283,69,20
156,False,2958,obj7,283,69,20
156,False,2959,obj7,282,69,20
156,False,2960,obj7,282,69,20
156,False,2961,obj7,281,69,20
156,False,2962,obj7,281,69,21
158,False,2963,obj7,280,231,22
158,False,2964,obj7,280,231,22
158,False,2965,obj7,280,231,22
158,False,2966,obj7,280,231,22
158,False,2967,obj7,280,231,22
158,False,2968,obj7,280,231,22
158,False,2969,obj7,280,231,22
158,False,2970,obj7,280,231,22
158,False,2971,obj7,280,231,22
158,False,2972,obj7,280,231,22
158,False,2973,obj7,280,231,22
158,False,2974,obj7,280,231,22
158,False,2975,obj7,280,231,22
158,False,2976,obj7,280,231,22
158,False,2977,obj7,280,231,22
158,False,2978,obj7,280,231,22
158,False,2979,obj7,280,231,22
158,False,2980,obj7,280,231,22
158,False,2981,obj7,280,231,22
158,False,2982,obj7,280,231,22
158,False,2983,obj7,280,231,22
158,False,2984,obj7,280,231,22
158,False,2985,obj7,280,231,22
158,False,2986,obj7,280,231,22
158,False,2987,obj7,280,231,22
162,False,2988,obj8,155,4,23
162,False,2989,obj8,158,5,23
162,False,2990,obj8,162,7,23
162,False,2991,obj8,165,8,23
162,False,2992,obj8,169,10,23
162,False,2993,obj8,173,12,23
162,False,2994,obj8,176,13,23
162,False,2995,obj8,180,15,23
162,False,2996,obj8,184,16,23
162,False,2997,obj8,187,18,24
162,False,2998,obj8,191,20,24
162,False,2999,obj8,195,21,24
163,False,3000,obj8,198,23,24
163,False,3001,obj8,202,24,24
163,False,3002,obj8,205,26,24
163,False,3003,obj8,209,28,24
163,False,3004,obj8,213,29,24
163,False,3005,obj8,216,31,24
163,False,3006,obj8,220,33,25
163,False,3007,obj8,224,34,25
163,False,3008,obj8,227,36,25
163,False,3009,obj8,231,37,25
163,False,3010,obj8,235,39,25
163,False,3011,obj8,238,41,25
164,False,3012,obj8,242,42,25
164,False,3013,obj8,245,44,25
164,False,3014,obj8,249,45,25
164,False,3015,obj8,253,47,26
164,False,3016,obj8,256,49,26
164,False,3017,obj8,260,50,26
164,False,3018,obj8,264,52,26
164,False,3019,obj8,267,53,26
164,False,3020,obj8,271,55,26
164,False,3021,obj8,275,57,26
164,False,3022,obj8,278,58,26
164,False,3023,obj8,282,60,26
165,False,3024,obj8,286,62,27
165,False,3025,obj8,286,62,27
165,False,3026,obj8,286,62,27
165,False,3027,obj8,286,62,27
165,False,3028,obj8,286,62,27
165,False,3029,obj8,286,62,27
165,False,3030,obj8,286,62,27
165,False,3031,obj8,286,62,27
165,False,3032,obj8,286,62,27
165,False,3033,obj8,286,62,27
165,False,3034,obj8,286,62,27
165,False,3035,obj8,286,62,27
165,False,3036,obj8,286,62,27
165,False,3037,obj8,286,62,27
164,False,3061,obj8,219,0,26
164,False,3062,obj8,219,0,26
164,False,3063,obj8,219,0,26
164,False,3064,obj8,219,0,26
164,False,3065,obj8,219,0,26
164,False,3066,obj8,219,0,26
164,False,3067,obj8,219,0,26
164,False,3068,obj8,219,0,26
164,False,3069,obj8,219,0,26
164,False,3070,obj8,219,0,26
164,False,3071,obj8,219,0,26
164,False,3072,obj8,219,0,26
164,False,3073,obj8,219,0,26
164,False,3074,obj8,219,0,26
164,False,3075,obj8,219,0,26
164,False,3076,obj8,219,0,26
164,False,3077,obj8,219,0,26
164,False,3078,obj8,219,0,26
164,False,3079,obj8,219,0,26
164,False,3336,obj8,219,0,26
163,False,3337,obj8,221,2,25
162,False,3338,obj8,223,4,24
162,False,3339,obj8,225,6,24
161,False,3340,obj8,227,8,23
161,False,3341,obj8,229,10,23
160,False,3342,obj8,231,12,22
160,False,3343,obj8,233,14,22
159,False,3344,obj8,235,16,21
159,False,3345,obj8,237,18,21
158,False,3346,obj8,239,20,20
158,False,3347,obj8,241,22,20
157,False,3348,obj8,241,21,19
157,False,3349,obj8,241,21,19
157,False,3350,obj8,241,21,19
157,False,3351,obj8,241,21,19
157,False,3352,obj8,241,21,19
157,False,3353,obj8,241,21,19
157,False,3354,obj8,241,21,19
157,False,3355,obj8,241,21,19
157,False,3356,obj8,241,21,19
157,False,3357,obj8,241,21,19
157,False,3358,obj8,241,20,19
157,False,3359,obj8,241,20,19
157,False,3360,obj8,241,20,19
157,False,3361,obj8,241,20,19
157,False,3362,obj8,241,20,19
157,False,3363,obj8,241,20,19
157,False,3364,obj8,241,20,19
157,False,3365,obj8,241,20,19
157,False,3366,obj8,241,20,19
157,False,3367,obj8,241,20,19
156,False,3368,obj8,241,19,19
156,False,3369,obj8,241,19,19
156,False,3370,obj8,241,19,19
156,False,3371,obj8,241,19,19
156,False,3372,obj8,241,19,19
156,False,3373,obj8,241,19,19
156,False,3374,obj8,241,19,19
156,False,3375,obj8,241,19,19
156,False,3376,obj8,241,19,19
156,False,3377,obj8,241,19,19
156,False,3378,obj8,241,18,19
156,False,3379,obj8,241,18,19
156,False,3380,obj8,241,18,19
156,False,3381,obj8,241,18,19
156,False,3382,obj8,241,18,19
156,False,3383,obj8,241,18,19
156,False,3384,obj8,241,18,19
156,False,3385,obj8,241,18,19
156,False,3386,obj8,241,18,19
156,False,3387,obj8,241,18,19
156,False,3388,obj8,241,18,19
156,False,3389,obj8,237,17,19
156,False,3390,obj8,234,16,19
156,False,3391,obj8,231,16,19
156,False,3392,obj8,227,15,19
157,False,3393,obj8,224,15,19
157,False,3394,obj8,221,14,20
157,False,3395,obj8,217,13,20
157,False,3396,obj8,214,13,20
158,False,3397,obj8,211,12,20
158,False,3398,obj8,208,12,20
158,False,3399,obj8,204,11,21
158,False,3400,obj8,201,11,21
158,False,3401,obj8,198,10,21
159,False,3402,obj8,194,9,21
159,False,3403,obj8,191,9,21
159,False,3404,obj8,188,8,22
159,False,3405,obj8,185,8,22
160,False,3406,obj8,181,7,22
160,False,3407,obj8,178,6,22
160,False,3408,obj8,175,6,22
160,False,3409,obj8,171,5,23
160,False,3410,obj8,168,5,23
161,False,3411,obj8,165,4,23
161,False,3412,obj8,162,4,23
161,False,3413,obj8,158,3,23
161,False,3414,obj8,155,2,24
162,False,3415,obj8,152,2,24
162,False,3416,obj8,148,1,24
162,False,3417,obj8,145,1,24
162,False,3418,obj8,142,0,24
163,False,3419,obj8,139,0,25
162,False,3420,obj8,145,6,24
162,False,3421,obj8,152,13,24
162,False,3422,obj8,158,19,24
162,False,3423,obj8,165,26,24
162,False,3424,obj8,172,33,24
162,False,3425,obj8,178,39,24
162,False,3426,obj8,185,46,24
162,False,3427,obj8,191,52,24
162,False,3428,obj8,198,59,24
162,False,3429,obj8,205,66,24
162,False,3430,obj8,211,72,24
162,False,3431,obj8,218,79,24
162,False,3432,obj8,224,85,24
162,False,3433,obj8,231,92,24
162,False,3434,obj8,238,99,24
162,False,3435,obj8,244,105,24
162,False,3436,obj8,251,112,24
162,False,3437,obj8,257,118,24
162,False,3438,obj8,264,125,24
162,False,3439,obj8,271,132,24
161,False,3440,obj8,270,130,24
161,False,3441,obj8,270,129,24
161,False,3442,obj8,270,127,24
161,False,3443,obj8,270,126,24
161,False,3444,obj8,270,124,24
161,False,3445,obj8,270,123,24
161,False,3446,obj8,270,121,24
161,False,3447,obj8,270,120,24
161,False,3448,obj8,270,118,24
161,False,3449,obj8,270,117,24
161,False,3450,obj8,270,115,24
161,False,3451,obj8,270,114,24
161,False,3452,obj8,270,113,24
161,False,3453,obj8,270,111,24
161,False,3454,obj8,270,110,24
161,False,3455,obj8,270,108,24
161,False,3456,obj8,270,107,24
161,False,3457,obj8,270,105,24
161,False,3458,obj8,270,104,24
161,False,3459,obj8,270,102,24
161,False,3460,obj8,270,101,24
161,False,3461,obj8,270,99,24
161,False,3462,obj8,270,98,24
161,False,3463,obj8,270,97,24
161,False,3464,obj8,270,95,24
161,False,3465,obj8,270,94,24
161,False,3466,obj8,270,92,24
161,False,3467,obj8,270,91,24
161,False,3468,obj8,270,89,24
161,False,3469,obj8,270,88,24
161,False,3470,obj8,270,86,24
161,False,3471,obj8,270,85,24
161,False,3472,obj8,270,83,24
161,False,3473,obj8,270,82,24
161,False,3474,obj8,270,81,24
161,False,3475,obj8,270,79,24
161,False,3476,obj8,270,78,24
161,False,3477,obj8,270,76,24
161,False,3478,obj8,270,75,24
161,False,3479,obj8,270,73,24
161,False,3480,obj8,270,72,24
161,False,3481,obj8,270,70,24
161,False,3482,obj8,270,69,24
161,False,3483,obj8,270,67,24
161,False,3484,obj8,270,66,24
161,False,3485,obj8,270,65,24
161,False,3486,obj8,270,65,24
161,False,3487,obj8,270,65,24
161,False,3488,obj8,270,65,24
161,False,3489,obj8,270,65,24
161,False,3490,obj8,270,65,24
161,False,3491,obj8,270,65,24
161,False,3492,obj8,270,65,24
161,False,3493,obj8,270,65,24
161,False,3494,obj8,270,65,24
161,False,3495,obj8,270,65,24
161,False,3496,obj8,270,65,24
161,False,3497,obj8,270,65,24
161,False,3498,obj8,270,65,24
161,False,3499,obj8,270,65,24
161,False,3500,obj8,270,65,24
161,False,3501,obj8,270,65,24
161,False,3502,obj8,270,65,24
161,False,3503,obj8,270,65,24
161,False,3504,obj8,270,65,24
161,False,3505,obj8,270,65,24
161,False,3506,obj8,270,65,24
161,False,3507,obj8,270,65,24
161,False,3508,obj8,270,65,24
161,False,3509,obj8,270,65,24
161,False,3510,obj8,270,65,24
161,False,3511,obj8,270,65,24
161,False,3512,obj8,270,65,24
161,False,3513,obj8,270,65,24
161,False,3514,obj8,270,65,24
161,False,3515,obj8,270,65,24
161,False,3516,obj8,270,65,24
161,False,3517,obj8,270,65,24
161,False,3518,obj8,270,65,24
161,False,3519,obj8,270,65,24
161,False,3520,obj8,270,65,24
161,False,3521,obj8,270,65,24
161,False,3522,obj8,270,65,24
161,False,3523,obj8,270,65,24
161,False,3524,obj8,270,65,24
161,False,3525,obj8,270,65,24
161,False,3526,obj8,270,65,24
161,False,3527,obj8,270,65,24
161,False,3528,obj8,270,65,24
161,False,3529,obj8,270,65,24
161,False,3530,obj8,270,65,24
161,False,3531,obj8,270,65,24
161,False,3532,obj8,270,65,24
161,False,3533,obj8,270,65,24
161,False,3534,obj8,270,65,24
161,False,3535,obj8,270,65,24
161,False,3536,obj8,270,65,24
161,False,3537,obj8,270,65,24
161,False,3538,obj8,270,65,24
161,False,3539,obj8,270,65,24
161,False,3540,obj8,270,65,24
161,False,3541,obj8,270,65,24
161,False,3542,obj8,270,65,24
161,False,3543,obj8,270,65,24
161,False,3544,obj8,270,65,24
161,False,3545,obj8,270,65,24
161,False,3546,obj8,270,65,24
161,False,3547,obj8,270,65,24
161,False,3548,obj8,270,65,24
161,False,3549,obj8,270,65,24
161,False,3550,obj8,270,65,24
161,False,3551,obj8,270,65,24
161,False,3552,obj8,270,65,24
161,False,3553,obj8,270,65,24
161,False,3554,obj8,270,65,24
161,False,3555,obj8,270,65,24
161,False,3556,obj8,270,65,24
161,False,3557,obj8,270,65,24
161,False,3558,obj8,270,65,24
161,False,3559,obj8,270,65,24
161,False,3560,obj8,270,65,24
161,False,3561,obj8,270,65,24
161,False,3562,obj8,270,65,24
161,False,3563,obj8,270,65,24
161,False,3564,obj8,270,65,24
161,False,3565,obj8,270,65,24
161,False,3566,obj8,270,65,24
161,False,3567,obj8,270,65,24
161,False,3568,obj8,270,65,24
161,False,3569,obj8,270,65,24
161,False,3570,obj8,270,65,24
150,False,3571,obj9,215,20,20
150,False,3572,obj9,215,20,20
150,False,3573,obj9,215,20,20
150,False,3574,obj9,216,21,20
150,False,3575,obj9,216,21,20
150,False,3576,obj9,217,22,20
150,False,3577,obj9,217,22,20
150,False,3578,obj9,217,22,20
150,False,3579,obj9,218,23,20
150,False,3580,obj9,218,23,20
150,False,3581,obj9,219,24,20
150,False,3582,obj9,219,24,20
150,False,3583,obj9,219,24,20
150,False,3584,obj9,220,25,20
150,False,3585,obj9,220,25,20
150,False,3586,obj9,221,26,20
150,False,3587,obj9,221,26,20
150,False,3588,obj9,221,26,20
150,False,3589,obj9,222,27,20
150,False,3590,obj9,222,27,20
150,False,3591,obj9,223,28,20
150,False,3592,obj9,223,28,20
150,False,3593,obj9,223,28,20
150,False,3594,obj9,224,29,20
150,False,3595,obj9,224,29,20
150,False,3596,obj9,225,30,20
150,False,3597,obj9,225,30,20
150,False,3598,obj9,225,30,20
150,False,3599,obj9,226,31,20
150,False,3600,obj9,226,31,20
150,False,3601,obj9,227,32,20
150,False,3602,obj9,227,32,20
151,False,3603,obj9,228,33,21
151,False,3604,obj9,228,33,20
151,False,3605,obj9,229,34,20
151,False,3606,obj9,230,35,20
151,False,3607,obj9,230,35,20
151,False,3608,obj9,231,36,20
151,False,3609,obj9,232,37,20
151,False,3610,obj9,232,38,20
151,False,3611,obj9,233,38,20
151,False,3612,obj9,234,39,20
151,False,3613,obj9,235,40,20
151,False,3614,obj9,235,41,20
151,False,3615,obj9,236,41,20
151,False,3616,obj9,237,42,20
151,False,3617,obj9,237,43,20
151,False,3618,obj9,238,44,20
152,False,3619,obj9,239,44,20
152,False,3620,obj9,240,45,20
152,False,3621,obj9,240,46,20
152,False,3622,obj9,241,47,20
152,False,3623,obj9,242,47,20
152,False,3624,obj9,242,48,20
152,False,3625,obj9,243,49,20
152,False,3626,obj9,244,50,20
152,False,3627,obj9,245,50,20
152,False,3628,obj9,245,51,20
152,False,3629,obj9,246,52,20
152,False,3630,obj9,247,53,20
152,False,3631,obj9,247,53,20
152,False,3632,obj9,248,54,20
152,False,3633,obj9,249,55,20
153,False,3634,obj9,250,56,20
153,False,3635,obj9,250,56,20
153,False,3636,obj9,250,56,20
153,False,3637,obj9,250,56,20
153,False,3638,obj9,250,56,20
153,False,3639,obj9,250,56,20
153,False,3640,obj9,250,56,20
153,False,3641,obj9,250,56,20
153,False,3642,obj9,250,56,20
153,False,3643,obj9,250,56,20
153,False,3644,obj9,250,56,20
153,False,3645,obj9,250,56,20
153,False,3646,obj9,250,56,20
153,False,3647,obj9,250,56,20
153,False,3648,obj9,250,56,20
153,False,3649,obj9,250,56,20
153,False,3650,obj9,250,56,20
153,False,3651,obj9,250,56,20
153,False,3652,obj9,250,56,20
153,False,3653,obj9,250,56,20
153,False,3654,obj9,250,56,20
152,False,3729,obj9,251,0,20
152,False,3730,obj9,251,1,20
152,False,3731,obj9,251,3,20
152,False,3732,obj9,251,5,20
152,False,3733,obj9,251,6,20
152,False,3734,obj9,251,8,20
152,False,3735,obj9,251,10,20
152,False,3736,obj9,251,11,20
152,False,3737,obj9,252,13,20
152,False,3738,obj9,252,15,20
152,False,3739,obj9,252,16,20
152,False,3740,obj9,252,18,20
152,False,3741,obj9,252,20,20
152,False,3742,obj9,252,22,20
152,False,3743,obj9,252,23,20
152,False,3744,obj9,252,25,20
152,False,3745,obj9,253,27,20
152,False,3746,obj9,253,28,20
152,False,3747,obj9,253,30,20
152,False,3748,obj9,253,32,20
152,False,3749,obj9,253,33,20
152,False,3750,obj9,253,35,20
152,False,3751,obj9,253,37,20
152,False,3752,obj9,254,39,21
152,False,3753,obj9,254,40,21
152,False,3754,obj9,254,42,21
152,False,3755,obj9,254,44,21
152,False,3756,obj9,254,45,21
152,False,3757,obj9,254,47,21
152,False,3758,obj9,254,49,21
152,False,3759,obj9,254,50,21
152,False,3760,obj9,255,52,21
152,False,3761,obj9,255,54,21
152,False,3762,obj9,255,55,21
152,False,3763,obj9,255,57,21
152,False,3764,obj9,255,59,21
152,False,3765,obj9,255,61,21
152,False,3766,obj9,255,62,21
152,False,3767,obj9,255,64,21
152,False,3768,obj9,256,66,21
152,False,3769,obj9,256,67,21
152,False,3770,obj9,256,69,21
152,False,3771,obj9,256,71,21
152,False,3772,obj9,256,72,21
152,False,3773,obj9,256,74,21
152,False,3774,obj9,256,76,21
153,False,3775,obj9,257,78,22
153,False,3776,obj9,256,77,22
153,False,3777,obj9,255,76,22
153,False,3778,obj9,254,75,22
153,False,3779,obj9,254,75,22
153,False,3780,obj9,253,74,22
153,False,3781,obj9,252,73,22
153,False,3782,obj9,252,73,22
153,False,3783,obj9,251,72,22
153,False,3784,obj9,250,71,22
153,False,3785,obj9,249,70,22
153,False,3786,obj9,249,70,22
153,False,3787,obj9,248,69,22
153,False,3788,obj9,247,68,22
153,False,3789,obj9,247,68,22
153,False,3790,obj9,246,67,22
153,False,3791,obj9,245,66,22
153,False,3792,obj9,244,65,22
153,False,3793,obj9,244,65,22
153,False,3794,obj9,243,64,22
153,False,3795,obj9,242,63,22
153,False,3796,obj9,242,63,22
153,False,3797,obj9,241,62,22
153,False,3798,obj9,240,61,22
154,False,3799,obj9,240,61,23
154,False,3800,obj9,241,62,23
154,False,3801,obj9,242,63,23
154,False,3802,obj9,243,64,23
154,False,3803,obj9,244,65,23
154,False,3804,obj9,245,66,23
154,False,3805,obj9,246,67,23
154,False,3806,obj9,247,68,23
154,False,3807,obj9,248,69,23
154,False,3808,obj9,249,70,23
154,False,3809,obj9,250,71,23
154,False,3810,obj9,252,73,23
154,False,3811,obj9,253,74,23
154,False,3812,obj9,254,75,23
154,False,3813,obj9,255,76,23
154,False,3814,obj9,256,77,23
154,False,3815,obj9,257,78,23
154,False,3816,obj9,258,79,23
154,False,3817,obj9,259,80,23
154,False,3818,obj9,260,81,23
154,False,3819,obj9,261,82,23
154,False,3820,obj9,262,83,23
154,False,3821,obj9,264,85,23
154,False,3822,obj9,265,86,23
154,False,3823,obj9,266,87,23
154,False,3824,obj9,267,88,23
154,False,3825,obj9,268,89,23
155,False,3826,obj9,269,90,24
155,False,3827,obj9,270,91,24
155,False,3828,obj9,271,92,24
155,False,3829,obj9,272,93,24
155,False,3830,obj9,273,94,24
155,False,3831,obj9,274,95,24
155,False,3832,obj9,276,97,24
155,False,3833,obj9,277,98,24
155,False,3834,obj9,278,99,24
155,False,3835,obj9,279,100,24
155,False,3836,obj9,280,101,24
155,False,3837,obj9,281,102,24
155,False,3838,obj9,282,103,24
155,False,3839,obj9,283,104,24
155,False,3840,obj9,284,105,24
155,False,3841,obj9,285,106,24
155,False,3842,obj9,286,107,24
155,False,3843,obj9,288,109,24
155,False,3844,obj9,289,110,24
155,False,3845,obj9,290,111,24
155,False,3846,obj9,291,112,24
155,False,3847,obj9,292,113,24
155,False,3848,obj9,293,114,24
155,False,3849,obj9,294,115,24
155,False,3850,obj9,295,116,24
155,False,3851,obj9,296,117,24
155,False,3852,obj9,297,118,24
156,False,3853,obj9,299,120,25
155,False,3854,obj9,299,117,25
155,False,3855,obj9,299,115,25
155,False,3856,obj9,299,113,25
155,False,3857,obj9,299,111,25
155,False,3858,obj9,299,109,25
155,False,3859,obj9,299,106,25
155,False,3860,obj9,299,104,25
155,False,3861,obj9,299,102,25
155,False,3862,obj9,299,100,25
155,False,3863,obj9,299,98,25
155,False,3864,obj9,299,95,25
155,False,3865,obj9,299,93,25
155,False,3866,obj9,299,91,25
155,False,3867,obj9,299,89,25
155,False,3868,obj9,299,87,25
155,False,3869,obj9,299,85,25
155,False,3870,obj9,299,82,25
155,False,3871,obj9,299,80,25
155,False,3872,obj9,299,78,25
155,False,3873,obj9,299,76,25
155,False,3874,obj9,299,74,25
155,False,3875,obj9,299,71,25
155,False,3876,obj9,299,69,25
155,False,3877,obj9,299,67,25
155,False,3878,obj9,299,65,25
155,False,3879,obj9,299,63,25
155,False,3880,obj9,299,61,25
155,False,3881,obj9,298,60,25
155,False,3882,obj9,297,60,25
155,False,3883,obj9,297,60,25
155,False,3884,obj9,296,60,25
155,False,3885,obj9,295,60,25
155,False,3886,obj9,295,60,25
155,False,3887,obj9,294,60,25
155,False,3888,obj9,293,60,25
155,False,3889,obj9,293,60,25
155,False,3890,obj9,292,59,25
155,False,3891,obj9,292,59,25
155,False,3892,obj9,291,59,25
155,False,3893,obj9,290,59,25
155,False,3894,obj9,290,59,25
155,False,3895,obj9,289,59,25
155,False,3896,obj9,288,59,25
155,False,3897,obj9,288,59,25
155,False,3898,obj9,287,59,25
155,False,3899,obj9,287,58,25
155,False,3900,obj9,286,58,25
155,False,3901,obj9,285,58,25
155,False,3902,obj9,285,58,25
155,False,3903,obj9,284,58,25
155,False,3904,obj9,283,58,25
155,False,3905,obj9,283,58,25
155,False,3906,obj9,282,58,25
155,False,3907,obj9,281,58,25
155,False,3908,obj9,281,57,25
155,False,3909,obj9,280,57,25
155,False,3910,obj9,280,57,25
155,False,3911,obj9,279,57,25
155,False,3912,obj9,278,57,25
155,False,3913,obj9,278,57,25
155,False,3914,obj9,277,57,25
155,False,3915,obj9,276,57,25
155,False,3916,obj9,276,57,25
155,False,3917,obj9,275,56,25
155,False,3918,obj9,275,56,25
155,False,3919,obj9,274,56,25
155,False,3920,obj9,273,56,25
155,False,3921,obj9,273,56,25
155,False,3922,obj9,272,56,25
155,False,3923,obj9,271,56,25
155,False,3924,obj9,271,56,25
155,False,3925,obj9,270,56,25
155,False,3926,obj9,270,55,25
155,False,3927,obj9,269,55,25
155,False,3928,obj9,268,55,25
155,False,3929,obj9,268,55,25
155,False,3930,obj9,267,55,25
155,False,3931,obj9,266,55,25
155,False,3932,obj9,266,55,25
155,False,3933,obj9,265,55,25
155,False,3934,obj9,264,55,25
155,False,3935,obj9,264,54,25
155,False,3936,obj9,263,54,25
155,False,3937,obj9,263,54,25
155,False,3938,obj9,262,54,25
155,False,3939,obj9,261,54,25
155,False,3940,obj9,261,54,25
155,False,3941,obj9,260,54,25
155,False,3942,obj9,259,54,25
155,False,3943,obj9,259,54,25
155,False,3944,obj9,258,53,25
155,False,3945,obj9,258,53,25
155,False,3946,obj9,257,53,25
155,False,3947,obj9,256,53,25
155,False,3948,obj9,256,53,25
155,False,3949,obj9,255,53,25
155,False,3950,obj9,254,53,25
155,False,3951,obj9,254,53,25
155,False,3952,obj9,253,53,25
155,False,3953,obj9,253,52,25
155,False,3954,obj9,252,52,25
155,False,3955,obj9,251,52,25
155,False,3956,obj9,251,52,25
155,False,3957,obj9,250,52,25
155,False,3958,obj9,249,52,25
155,False,3959,obj9,249,52,25
155,False,3960,obj9,248,52,25
155,False,3961,obj9,247,52,25
155,False,3962,obj9,247,51,25
155,False,3963,obj9,246,51,25
155,False,3964,obj9,246,51,25
155,False,3965,obj9,245,51,25
155,False,3966,obj9,244,51,25
155,False,3967,obj9,244,51,25
155,False,3968,obj9,243,51,25
155,False,3969,obj9,242,51,25
155,False,3970,obj9,242,51,25
155,False,3971,obj9,241,50,25
155,False,3972,obj9,241,50,25
155,False,3973,obj9,240,50,25
155,False,3974,obj9,239,50,25
155,False,3975,obj9,239,50,25
155,False,3976,obj9,238,50,25
155,False,3977,obj9,237,50,25
155,False,3978,obj9,237,50,25
155,False,3979,obj9,236,50,25
155,False,3980,obj9,236,50,26
154,False,3981,obj9,236,51,26
154,False,3982,obj9,236,53,26
154,False,3983,obj9,236,55,26
154,False,3984,obj9,236,56,26
154,False,3985,obj9,236,58,26
154,False,3986,obj9,236,60,26
154,False,3987,obj9,236,61,26
154,False,3988,obj9,236,63,26
154,False,3989,obj9,236,65,26
154,False,3990,obj9,236,67,26
154,False,3991,obj9,236,68,26
154,False,3992,obj9,236,70,26
154,False,3993,obj9,236,72,26
154,False,3994,obj9,236,73,26
154,False,3995,obj9,236,75,26
154,False,3996,obj9,236,77,26
154,False,3997,obj9,236,79,26
154,False,3998,obj9,236,80,26
154,False,3999,obj9,236,82,26
154,False,4000,obj9,236,84,26
154,False,4001,obj9,236,85,26
154,False,4002,obj9,236,87,26
154,False,4003,obj9,236,89,26
154,False,4004,obj9,236,91,26
154,False,4005,obj9,236,91,26
154,False,4006,obj9,236,91,26
154,False,4007,obj9,236,91,26
154,False,4008,obj9,236,91,26
154,False,4009,obj9,236,91,26
154,False,4010,obj9,236,91,26
154,False,4011,obj9,236,91,26
154,False,4012,obj9,236,91,26
154,False,4013,obj9,236,91,26
154,False,4014,obj9,236,91,26
154,False,4015,obj9,236,91,26
154,False,4016,obj9,236,91,26
154,False,4017,obj9,236,91,26
154,False,4018,obj9,236,91,26
154,False,4019,obj9,236,91,26
160,False,4074,obj9,235,137,26
160,False,4075,obj9,233,135,26
160,False,4076,obj9,232,134,26
160,False,4077,obj9,231,133,26
160,False,4078,obj9,230,132,26
160,False,4079,obj9,229,131,26
160,False,4080,obj9,228,130,26
160,False,4081,obj9,227,129,26
160,False,4082,obj9,226,128,26
160,False,4083,obj9,225,127,26
160,False,4084,obj9,224,126,26
160,False,4085,obj9,223,125,26
160,False,4086,obj9,222,124,26
160,False,4087,obj9,221,123,26
161,False,4088,obj9,219,121,27
161,False,4089,obj9,218,120,27
161,False,4090,obj9,217,119,27
161,False,4091,obj9,216,118,27
161,False,4092,obj9,215,117,27
161,False,4093,obj9,214,116,27
161,False,4094,obj9,213,115,27
161,False,4095,obj9,212,114,27
161,False,4096,obj9,211,113,27
161,False,4097,obj9,210,112,27
161,False,4098,obj9,209,111,27
161,False,4099,obj9,208,110,27
161,False,4100,obj9,207,109,27
162,False,4101,obj9,206,108,28
162,False,4102,obj9,204,106,28
162,False,4103,obj9,203,105,28
162,False,4104,obj9,202,104,28
162,False,4105,obj9,201,103,28
162,False,4106,obj9,200,102,28
162,False,4107,obj9,199,101,28
162,False,4108,obj9,198,100,28
162,False,4109,obj9,197,99,28
162,False,4110,obj9,196,98,28
162,False,4111,obj9,195,97,28
162,False,4112,obj9,194,96,28
162,False,4113,obj9,193,95,28
162,False,4114,obj9,192,94,28
163,False,4115,obj9,190,92,29
163,False,4116,obj9,189,91,29
163,False,4117,obj9,188,90,29
163,False,4118,obj9,187,89,29
163,False,4119,obj9,186,88,29
163,False,4120,obj9,185,87,29
163,False,4121,obj9,184,86,29
163,False,4122,obj9,183,85,29
163,False,4123,obj9,182,84,29
163,False,4124,obj9,181,83,29
163,False,4125,obj9,180,82,29
163,False,4126,obj9,179,81,29
163,False,4127,obj9,178,80,29
164,False,4128,obj9,177,79,30
163,False,4129,obj9,181,81,29
163,False,4130,obj9,185,83,29
163,False,4131,obj9,189,85,29
163,False,4132,obj9,193,87,29
163,False,4133,obj9,197,90,29
162,False,4134,obj9,201,92,29
162,False,4135,obj9,205,94,28
162,False,4136,obj9,209,96,28
162,False,4137,obj9,213,98,28
162,False,4138,obj9,217,101,28
161,False,4139,obj9,221,103,28
161,False,4140,obj9,225,105,28
161,False,4141,obj9,230,107,27
161,False,4142,obj9,234,109,27
161,False,4143,obj9,238,112,27
160,False,4144,obj9,242,114,27
160,False,4145,obj9,246,116,27
160,False,4146,obj9,250,118,27
160,False,4147,obj9,254,120,26
160,False,4148,obj9,258,123,26
159,False,4149,obj9,262,125,26
159,False,4150,obj9,266,127,26
159,False,4151,obj9,270,129,26
159,False,4152,obj9,274,131,26
159,False,4153,obj9,279,134,26
159,False,4154,obj9,279,134,26
159,False,4155,obj9,279,134,26
159,False,4156,obj9,279,134,26
159,False,4157,obj9,279,134,26
159,False,4158,obj9,279,134,26
159,False,4159,obj9,279,134,26
159,False,4160,obj9,279,134,26
159,False,4161,obj9,279,134,26
159,False,4162,obj9,279,134,26
159,False,4163,obj9,279,134,26
159,False,4164,obj9,279,134,26
159,False,4165,obj9,279,134,26
159,False,4166,obj9,279,134,26
159,False,4167,obj9,279,134,26
159,False,4168,obj9,279,134,26
159,False,4169,obj9,279,134,26
159,False,4170,obj9,279,134,26
159,False,4171,obj9,279,134,26
159,False,4172,obj9,279,134,26
159,False,4173,obj9,279,134,26
159,False,4174,obj9,279,134,26
159,False,4175,obj9,279,134,26
159,False,4176,obj9,279,134,26
159,False,4177,obj9,279,134,26
159,False,4178,obj9,279,134,26
159,False,4179,obj9,279,134,26
159,False,4180,obj9,279,134,26
159,False,4181,obj9,279,134,26
159,False,4182,obj9,279,134,26
159,False,4183,obj9,279,134,26
159,False,4184,obj9,279,134,26
159,False,4185,obj9,279,134,26
159,False,4186,obj9,279,134,26
159,False,4187,obj9,279,134,26
159,False,4188,obj9,279,134,26
159,False,4189,obj9,279,134,26
159,False,4190,obj9,279,134,26
159,False,4191,obj9,279,134,26
159,False,4192,obj9,279,134,26
159,False,4193,obj9,279,134,26
159,False,4194,obj9,279,134,26
159,False,4195,obj9,279,134,26
159,False,4196,obj9,279,134,26
159,False,4197,obj9,279,134,26
159,False,4198,obj9,279,134,26
159,False,4199,obj9,279,134,26
159,False,4200,obj9,279,134,26
159,False,4201,obj9,279,134,26
159,False,4202,obj9,279,134,26
158,False,4408,obj9,279,81,26
158,False,4409,obj9,275,77,26
158,False,4410,obj9,272,74,26
158,False,4411,obj9,269,71,26
158,False,4412,obj9,265,67,26
159,False,4413,obj9,262,64,27
159,False,4414,obj9,259,61,27
159,False,4415,obj9,255,57,27
159,False,4416,obj9,252,54,27
160,False,4417,obj9,249,51,28
160,False,4418,obj9,245,47,28
160,False,4419,obj9,242,44,28
160,False,4420,obj9,239,41,28
161,False,4421,obj9,235,37,29
161,False,4422,obj9,232,34,29
161,False,4423,obj9,229,31,29
161,False,4424,obj9,225,27,29
162,False,4425,obj9,222,24,30
162,False,4426,obj9,219,21,30
162,False,4427,obj9,215,17,30
162,False,4428,obj9,212,14,30
163,False,4429,obj9,209,11,31
162,False,4430,obj9,211,13,30
162,False,4431,obj9,213,15,30
162,False,4432,obj9,216,18,30
162,False,4433,obj9,218,20,30
162,False,4434,obj9,221,23,30
162,False,4435,obj9,223,25,30
161,False,4436,obj9,226,28,29
161,False,4437,obj9,228,30,29
161,False,4438,obj9,231,33,29
161,False,4439,obj9,233,35,29
161,False,4440,obj9,235,37,29
161,False,4441,obj9,238,40,29
161,False,4442,obj9,240,42,29
160,False,4443,obj9,243,45,28
160,False,4444,obj9,245,47,28
160,False,4445,obj9,248,50,28
160,False,4446,obj9,250,52,28
160,False,4447,obj9,253,55,28
160,False,4448,obj9,255,57,28
160,False,4449,obj9,257,59,28
159,False,4450,obj9,260,62,27
159,False,4451,obj9,262,64,27
159,False,4452,obj9,265,67,27
159,False,4453,obj9,267,69,27
159,False,4454,obj9,270,72,27
159,False,4455,obj9,272,74,27
159,False,4456,obj9,275,77,27
159,False,4457,obj9,271,73,27
159,False,4458,obj9,268,70,27
160,False,4459,obj9,265,67,28
160,False,4460,obj9,262,64,28
160,False,4461,obj9,259,61,28
161,False,4462,obj9,256,58,29
161,False,4463,obj9,253,55,29
161,False,4464,obj9,250,52,29
162,False,4465,obj9,247,49,30
162,False,4466,obj9,244,46,30
162,False,4467,obj9,240,42,30
163,False,4468,obj9,237,39,31
163,False,4469,obj9,234,36,31
163,False,4470,obj9,231,33,31
164,False,4471,obj9,228,30,32
164,False,4472,obj9,225,27,32
164,False,4473,obj9,222,24,32
165,False,4474,obj9,219,21,33
165,False,4475,obj9,216,18,33
166,False,4476,obj9,213,15,34
165,False,4477,obj9,214,17,33
165,False,4478,obj9,216,19,33
165,False,4479,obj9,218,21,33
165,False,4480,obj9,220,24,33
165,False,4481,obj9,222,26,33
165,False,4482,obj9,224,28,33
164,False,4483,obj9,226,31,33
164,False,4484,obj9,228,33,33
164,False,4485,obj9,230,35,32
164,False,4486,obj9,232,38,32
164,False,4487,obj9,234,40,32
164,False,4488,obj9,236,42,32
163,False,4489,obj9,238,45,32
163,False,4490,obj9,240,47,32
163,False,4491,obj9,242,49,32
163,False,4492,obj9,244,52,32
163,False,4493,obj9,245,54,31
163,False,4494,obj9,247,56,31
163,False,4495,obj9,249,58,31
162,False,4496,obj9,251,61,31
162,False,4497,obj9,253,63,31
162,False,4498,obj9,255,65,31
162,False,4499,obj9,257,68,31
162,False,4500,obj9,259,70,31
162,False,4501,obj9,261,72,30
161,False,4502,obj9,263,75,30
161,False,4503,obj9,265,77,30
161,False,4504,obj9,267,79,30
161,False,4505,obj9,269,82,30
161,False,4506,obj9,271,84,30
161,False,4507,obj9,273,86,30
161,False,4508,obj9,275,89,30
161,False,4509,obj9,277,91,30
161,False,4510,obj9,280,94,30
161,False,4511,obj9,283,97,30
161,False,4512,obj9,285,99,30
161,False,4513,obj9,288,102,30
161,False,4514,obj9,291,105,30
161,False,4515,obj9,293,107,30
161,False,4516,obj9,296,110,30
161,False,4517,obj9,299,113,30
161,False,4518,obj9,302,116,30
161,False,4519,obj9,302,116,30
161,False,4520,obj9,302,116,30
161,False,4521,obj9,302,116,30
155,False,4671,obj9,194,101,25
155,False,4672,obj9,195,101,26
155,False,4673,obj9,196,101,27
155,False,4674,obj9,197,101,28
155,False,4675,obj9,198,102,29
155,False,4676,obj9,199,102,31
155,False,4677,obj9,200,102,32
156,False,4678,obj9,202,102,33
156,False,4679,obj9,203,103,34
156,False,4680,obj9,204,103,36
156,False,4681,obj9,205,103,37
156,False,4682,obj9,206,104,38
156,False,4683,obj9,207,104,39
156,False,4684,obj9,208,104,41
157,False,4685,obj9,210,104,42
157,False,4686,obj9,211,105,43
157,False,4687,obj9,212,105,44
157,False,4688,obj9,213,105,46
157,False,4689,obj9,214,105,47
157,False,4690,obj9,215,106,48
158,False,4691,obj9,217,106,49
158,False,4692,obj9,218,106,51
158,False,4693,obj9,219,107,52
158,False,4694,obj9,220,107,53
158,False,4695,obj9,221,107,54
158,False,4696,obj9,222,107,56
158,False,4697,obj9,223,108,57
159,False,4698,obj9,225,108,58
159,False,4699,obj9,226,108,59
159,False,4700,obj9,227,108,61
159,False,4701,obj9,228,109,62
159,False,4702,obj9,229,109,63
159,False,4703,obj9,230,109,64
160,False,4704,obj9,232,110,66
159,False,4705,obj9,234,112,65
159,False,4706,obj9,236,114,65
158,False,4707,obj9,238,116,64
158,False,4708,obj9,241,119,64
158,False,4709,obj9,243,121,64
157,False,4710,obj9,245,123,63
157,False,4711,obj9,247,125,63
157,False,4712,obj9,250,128,63
156,False,4713,obj9,252,130,62
156,False,4714,obj9,254,132,62
155,False,4715,obj9,256,134,61
155,False,4716,obj9,259,137,61
155,False,4717,obj9,261,139,61
154,False,4718,obj9,263,141,60
154,False,4719,obj9,265,143,60
154,False,4720,obj9,268,146,60
158,False,4793,obj9,170,0,65
158,False,4794,obj9,174,4,64
158,False,4795,obj9,178,8,63
158,False,4796,obj9,182,12,62
158,False,4797,obj9,186,16,61
158,False,4798,obj9,190,20,60
158,False,4799,obj9,194,24,59
158,False,4800,obj9,198,28,58
158,False,4801,obj9,202,33,57
158,False,4802,obj9,206,37,56
158,False,4803,obj9,210,41,55
158,False,4804,obj9,215,45,54
158,False,4805,obj9,219,49,53
158,False,4806,obj9,223,53,52
158,False,4807,obj9,227,57,51
158,False,4808,obj9,231,62,50
158,False,4809,obj9,235,66,49
158,False,4810,obj9,239,70,48
158,False,4811,obj9,243,74,47
158,False,4812,obj9,247,78,46
158,False,4813,obj9,251,82,45
158,False,4814,obj9,255,86,44
159,False,4815,obj9,260,91,44
159,False,4816,obj9,260,91,44
159,False,4817,obj9,260,91,44
157,False,4900,obj9,249,81,32
157,False,4901,obj9,248,81,32
157,False,4902,obj9,247,82,32
157,False,4903,obj9,247,83,32
157,False,4904,obj9,246,84,32
157,False,4905,obj9,245,85,32
157,False,4906,obj9,245,85,32
157,False,4907,obj9,244,86,32
157,False,4908,obj9,244,87,32
157,False,4909,obj9,243,88,32
157,False,4910,obj9,242,89,32
157,False,4911,obj9,242,90,32
157,False,4912,obj9,241,90,32
157,False,4913,obj9,240,91,32
157,False,4914,obj9,240,92,32
157,False,4915,obj9,239,93,33
157,False,4916,obj9,239,94,33
157,False,4917,obj9,238,95,33
157,False,4918,obj9,237,95,33
157,False,4919,obj9,237,96,33
157,False,4920,obj9,236,97,33
157,False,4921,obj9,235,98,33
157,False,4922,obj9,235,99,33
157,False,4923,obj9,234,100,33
157,False,4924,obj9,234,100,33
157,False,4925,obj9,233,101,33
157,False,4926,obj9,232,102,33
157,False,4927,obj9,232,103,33
157,False,4928,obj9,231,104,33
158,False,4929,obj9,231,105,34
157,False,4930,obj9,228,102,33
157,False,4931,obj9,225,99,33
157,False,4932,obj9,223,97,33
156,False,4933,obj9,220,94,32
156,False,4934,obj9,218,92,32
156,False,4935,obj9,215,89,32
156,False,4936,obj9,212,86,32
155,False,4937,obj9,210,84,31
155,False,4938,obj9,207,81,31
155,False,4939,obj9,205,79,31
155,False,4940,obj9,202,76,31
154,False,4941,obj9,199,73,30
154,False,4942,obj9,197,71,30
154,False,4943,obj9,194,68,30
154,False,4944,obj9,192,66,30
158,False,4974,obj9,207,0,26
157,False,4975,obj9,205,0,25
157,False,4976,obj9,203,0,25
157,False,4977,obj9,201,0,25
157,False,4978,obj9,199,0,25
157,False,4979,obj9,198,0,25
157,False,4980,obj9,196,0,25
157,False,4981,obj9,194,0,25
157,False,4982,obj9,192,0,25
157,False,4983,obj9,190,0,25
157,False,4984,obj9,189,0,25
157,False,4985,obj9,187,0,25
157,False,4986,obj9,185,0,25
157,False,4987,obj9,183,0,25
157,False,4988,obj9,181,0,25
157,False,4989,obj9,180,0,25
157,False,4990,obj9,178,0,25
157,False,4991,obj9,176,0,25
156,False,4992,obj9,174,0,24
156,False,4993,obj9,172,0,24
156,False,4994,obj9,171,0,24
156,False,4995,obj9,169,0,24
156,False,4996,obj9,167,0,24
156,False,4997,obj9,165,0,24
156,False,4998,obj9,163,0,24
156,False,4999,obj9,162,0,24
156,False,5000,obj9,160,0,24
156,False,5001,obj9,158,0,24
156,False,5002,obj9,156,0,24
156,False,5003,obj9,154,0,24
156,False,5004,obj9,153,0,24
156,False,5005,obj9,151,0,24
156,False,5006,obj9,149,0,24
156,False,5007,obj9,147,0,24
156,False,5008,obj9,145,0,24
156,False,5009,obj9,144,0,24
156,False,5010,obj9,143,0,23
156,False,5011,obj9,143,0,23
156,False,5012,obj9,143,0,23
156,False,5013,obj9,143,0,23
157,False,5014,obj9,143,0,23
157,False,5015,obj9,143,0,23
157,False,5016,obj9,143,0,23
157,False,5017,obj9,143,0,22
157,False,5018,obj9,142,0,22
158,False,5019,obj9,142,0,22
158,False,5020,obj9,142,0,22
158,False,5021,obj9,142,0,22
158,False,5022,obj9,142,0,22
158,False,5023,obj9,142,0,22
159,False,5024,obj9,142,0,21
159,False,5025,obj9,142,0,21
159,False,5026,obj9,141,0,21
159,False,5027,obj9,141,0,21
159,False,5028,obj9,141,0,21
160,False,5029,obj9,141,0,21
160,False,5030,obj9,141,0,21
160,False,5031,obj9,141,0,20
160,False,5032,obj9,141,0,20
160,False,5033,obj9,141,0,20
161,False,5034,obj9,140,0,20
161,False,5035,obj9,140,0,20
161,False,5036,obj9,140,0,20
161,False,5037,obj9,140,0,20
161,False,5038,obj9,140,0,19
162,False,5039,obj9,140,0,19
162,False,5040,obj9,140,0,19
162,False,5041,obj9,140,0,19
162,False,5042,obj9,139,0,19
162,False,5043,obj9,139,0,19
163,False,5044,obj9,139,0,19
163,False,5045,obj9,139,0,18
163,False,5046,obj9,139,0,18
163,False,5047,obj9,139,0,18
163,False,5048,obj9,139,0,18
164,False,5049,obj9,139,0,18
164,False,5050,obj9,138,0,18
164,False,5051,obj9,138,0,18
164,False,5052,obj9,138,0,17
164,False,5053,obj9,138,0,17
165,False,5054,obj9,138,0,17
165,False,5055,obj9,138,0,17
165,False,5056,obj9,138,0,17
165,False,5057,obj9,138,0,17
166,False,5058,obj9,138,0,17
171,False,5059,obj9,317,114,22
170,False,5060,obj9,315,113,22
170,False,5061,obj9,313,113,23
170,False,5062,obj9,311,112,24
169,False,5063,obj9,309,112,24
169,False,5064,obj9,308,112,25
169,False,5065,obj9,306,111,26
169,False,5066,obj9,304,111,27
168,False,5067,obj9,302,110,27
168,False,5068,obj9,301,110,28
168,False,5069,obj9,299,110,29
168,False,5070,obj9,297,109,29
167,False,5071,obj9,295,109,30
167,False,5072,obj9,294,109,31
167,False,5073,obj9,292,108,32
167,False,5074,obj9,290,108,32
166,False,5075,obj9,288,107,33
166,False,5076,obj9,286,107,34
166,False,5077,obj9,285,107,34
166,False,5078,obj9,283,106,35
165,False,5079,obj9,281,106,36
165,False,5080,obj9,279,105,37
165,False,5081,obj9,278,105,37
165,False,5082,obj9,276,105,38
164,False,5083,obj9,274,104,39
164,False,5084,obj9,272,104,39
164,False,5085,obj9,271,104,40
164,False,5086,obj9,269,103,41
163,False,5087,obj9,267,103,42
163,False,5088,obj9,265,102,42
163,False,5089,obj9,263,102,43
163,False,5090,obj9,262,102,44
162,False,5091,obj9,260,101,44
162,False,5092,obj9,258,101,45
162,False,5093,obj9,256,100,46
162,False,5094,obj9,255,100,47
161,False,5095,obj9,253,100,47
161,False,5096,obj9,251,99,48
161,False,5097,obj9,249,99,49
161,False,5098,obj9,248,99,50
161,False,5099,obj9,249,100,50
161,False,5100,obj9,251,102,50
161,False,5101,obj9,253,104,50
161,False,5102,obj9,254,105,50
161,False,5103,obj9,256,107,50
161,False,5104,obj9,258,109,50
161,False,5105,obj9,260,111,50
161,False,5106,obj9,261,112,50
161,False,5107,obj9,263,114,50
161,False,5108,obj9,265,116,50
161,False,5109,obj9,266,117,50
161,False,5110,obj9,268,119,50
161,False,5111,obj9,270,121,50
161,False,5112,obj9,272,123,50
161,False,5113,obj9,273,124,50
161,False,5114,obj9,275,126,50
161,False,5115,obj9,277,128,50
161,False,5116,obj9,278,129,50
161,False,5117,obj9,280,131,50
161,False,5118,obj9,282,133,50
161,False,5119,obj9,284,135,50
161,False,5120,obj9,285,136,50
161,False,5121,obj9,287,138,50
161,False,5122,obj9,289,140,50
161,False,5123,obj9,291,142,50
160,False,5124,obj9,290,141,49
160,False,5125,obj9,289,140,48
160,False,5126,obj9,288,139,47
160,False,5127,obj9,287,139,47
160,False,5128,obj9,287,138,46
160,False,5129,obj9,286,137,45
160,False,5130,obj9,285,137,45
159,False,5131,obj9,284,136,44
159,False,5132,obj9,284,135,43
159,False,5133,obj9,283,134,42
159,False,5134,obj9,282,134,42
159,False,5135,obj9,281,133,41
159,False,5136,obj9,281,132,40
159,False,5137,obj9,280,132,40
158,False,5138,obj9,279,131,39
158,False,5139,obj9,278,130,38
158,False,5140,obj9,278,129,37
158,False,5141,obj9,277,129,37
158,False,5142,obj9,276,128,36
158,False,5143,obj9,275,127,35
158,False,5144,obj9,275,127,35
158,False,5145,obj9,276,128,34
158,False,5146,obj9,278,130,33
159,False,5147,obj9,279,132,32
159,False,5148,obj9,281,133,31
159,False,5149,obj9,283,135,30
160,False,5150,obj9,284,137,30
160,False,5151,obj9,286,138,29
161,False,5152,obj9,288,140,28
161,False,5153,obj9,289,142,27
161,False,5154,obj9,291,143,26
162,False,5155,obj9,292,145,25
162,False,5156,obj9,294,147,25
162,False,5157,obj9,296,148,24
163,False,5158,obj9,297,150,23
163,False,5159,obj9,299,152,22
164,False,5160,obj9,301,153,21
164,False,5161,obj9,302,155,20
164,False,5162,obj9,304,157,20
165,False,5163,obj9,305,158,19
165,False,5164,obj9,307,160,18
165,False,5165,obj9,309,162,17
166,False,5166,obj9,310,163,16
166,False,5167,obj9,312,165,15
167,False,5168,obj9,314,167,15
167,False,5169,obj9,306,159,15
167,False,5170,obj9,298,151,15
167,False,5171,obj9,290,143,15
167,False,5172,obj9,283,136,15
167,False,5173,obj9,275,128,15
168,False,5174,obj9,267,120,16
168,False,5175,obj9,259,112,16
168,False,5176,obj9,252,105,16
168,False,5177,obj9,244,97,16
168,False,5178,obj9,236,89,16
168,False,5179,obj9,229,82,16
169,False,5180,obj9,221,74,17
169,False,5181,obj9,213,66,17
169,False,5182,obj9,205,58,17
169,False,5183,obj9,198,51,17
169,False,5184,obj9,190,43,17
169,False,5185,obj9,182,35,17
170,False,5186,obj9,175,28,18
169,False,5187,obj9,178,29,18
169,False,5188,obj9,182,31,18
169,False,5189,obj9,186,33,18
169,False,5190,obj9,189,35,18
169,False,5191,obj9,193,37,18
169,False,5192,obj9,197,39,18
169,False,5193,obj9,201,41,18
169,False,5194,obj9,204,43,18
169,False,5195,obj9,208,45,18
169,False,5196,obj9,212,47,18
169,False,5197,obj9,216,49,18
169,False,5198,obj9,219,51,18
169,False,5199,obj9,223,53,18
169,False,5200,obj9,227,55,18
169,False,5201,obj9,230,57,18
169,False,5202,obj9,234,59,18
169,False,5203,obj9,238,61,18
169,False,5204,obj9,242,63,18
169,False,5205,obj9,245,65,18
169,False,5206,obj9,249,67,18
169,False,5207,obj9,253,69,18
169,False,5208,obj9,257,71,18
169,False,5209,obj9,260,73,18
169,False,5210,obj9,264,75,18
169,False,5211,obj9,268,77,18
169,False,5212,obj9,272,79,18
169,False,5213,obj9,272,79,18
169,False,5214,obj9,272,79,18
169,False,5215,obj9,272,79,18
169,False,5216,obj9,272,79,18
169,False,5217,obj9,272,79,18
169,False,5218,obj9,272,79,18
169,False,5219,obj9,272,79,18
169,False,5220,obj9,272,79,18
169,False,5221,obj9,272,79,18
169,False,5222,obj9,272,79,18
169,False,5223,obj9,272,79,18
169,False,5224,obj9,272,79,18
169,False,5225,obj9,272,79,18
169,False,5226,obj9,272,79,18
169,False,5227,obj9,272,79,18
169,False,5228,obj9,272,79,18
169,False,5229,obj9,272,79,18
169,False,5230,obj9,272,79,18
169,False,5231,obj9,272,79,18
169,False,5232,obj9,272,79,18
169,False,5233,obj9,272,79,18
169,False,5234,obj9,272,79,18
169,False,5235,obj9,272,79,18
169,False,5236,obj9,272,79,18
169,False,5237,obj9,272,79,18
169,False,5238,obj9,272,79,18
169,False,5239,obj9,272,79,18
169,False,5240,obj9,272,79,18
169,False,5241,obj9,272,79,18
169,False,5242,obj9,272,79,18
169,False,5243,obj9,272,79,18
169,False,5244,obj9,272,79,18
169,False,5245,obj9,272,79,18
169,False,5246,obj9,272,79,18
169,False,5247,obj9,272,79,18
169,False,5248,obj9,272,79,18
169,False,5249,obj9,272,79,18
169,False,5250,obj9,272,79,18
169,False,5251,obj9,272,79,18
169,False,5252,obj9,272,79,18
169,False,5253,obj9,272,79,18
155,False,734,obj10,318,4,22
155,False,735,obj10,318,4,22
155,False,736,obj10,318,4,22
155,False,737,obj10,318,4,22
155,False,738,obj10,318,4,22
155,False,739,obj10,318,4,22
155,False,740,obj10,318,4,22
155,False,741,obj10,318,4,22
155,False,742,obj10,318,4,22
155,False,743,obj10,318,4,22
155,False,744,obj10,318,4,22
155,False,745,obj10,318,4,22
155,False,746,obj10,318,4,22
155,False,747,obj10,318,4,22
155,False,748,obj10,318,4,22
155,False,749,obj10,318,4,22
155,False,750,obj10,318,4,22
155,False,751,obj10,318,4,22
155,False,752,obj10,318,4,22
155,False,753,obj10,318,4,22
155,False,754,obj10,318,4,22
155,False,755,obj10,318,4,22
155,False,756,obj10,318,4,22
155,False,757,obj10,318,4,22
155,False,758,obj10,318,4,22
155,False,759,obj10,318,4,22
155,False,760,obj10,318,4,22
155,False,761,obj10,318,4,22
155,False,762,obj10,318,4,22
155,False,763,obj10,318,4,22
155,False,764,obj10,318,4,22
155,False,765,obj10,318,4,22
155,False,766,obj10,318,4,22
155,False,767,obj10,318,4,22
155,False,768,obj10,318,4,22
155,False,769,obj10,318,4,22
155,False,770,obj10,318,4,22
155,False,771,obj10,318,4,22
155,False,772,obj10,318,4,22
155,False,773,obj10,318,4,22
155,False,774,obj10,318,4,22
155,False,775,obj10,318,4,22
155,False,776,obj10,318,4,22
155,False,777,obj10,318,4,22
155,False,778,obj10,318,4,22
155,False,779,obj10,318,4,22
155,False,780,obj10,318,4,22
155,False,781,obj10,318,4,22
155,False,782,obj10,318,4,22
155,False,783,obj10,318,4,22
155,False,784,obj10,318,4,22
155,False,785,obj10,318,4,22
155,False,786,obj10,318,4,22
155,False,787,obj10,318,4,22
155,False,788,obj10,318,4,22
155,False,789,obj10,318,4,22
155,False,790,obj10,318,4,22
155,False,791,obj10,318,4,22
155,False,792,obj10,318,4,22
155,False,793,obj10,318,4,22
155,False,794,obj10,318,4,22
155,False,795,obj10,318,4,22
155,False,796,obj10,318,4,22
155,False,797,obj10,318,4,22
155,False,798,obj10,318,4,22
155,False,799,obj10,318,4,22
155,False,800,obj10,318,4,22
155,False,801,obj10,318,4,22
155,False,802,obj10,318,4,22
155,False,803,obj10,318,4,22
155,False,804,obj10,318,4,22
155,False,805,obj10,318,4,22
155,False,806,obj10,318,4,22
155,False,807,obj10,318,4,22
155,False,808,obj10,318,4,22
155,False,809,obj10,318,4,22
155,False,810,obj10,318,4,22
155,False,811,obj10,318,4,22
155,False,812,obj10,318,4,22
155,False,813,obj10,318,4,22
155,False,814,obj10,318,4,22
155,False,815,obj10,318,4,22
155,False,816,obj10,318,4,22
155,False,817,obj10,318,4,22
155,False,818,obj10,318,4,22
155,False,819,obj10,318,4,22
155,False,820,obj10,318,4,22
155,False,821,obj10,318,4,22
155,False,822,obj10,318,4,22
155,False,823,obj10,318,4,22
155,False,824,obj10,318,4,22
155,False,825,obj10,318,4,22
155,False,826,obj10,318,4,22
155,False,827,obj10,318,4,22
155,False,828,obj10,318,4,22
155,False,829,obj10,318,4,22
155,False,830,obj10,318,4,22
155,False,831,obj10,318,4,22
155,False,832,obj10,318,4,22
155,False,833,obj10,318,4,22
155,False,834,obj10,318,4,22
155,False,835,obj10,318,4,22
155,False,836,obj10,318,4,22
155,False,837,obj10,318,4,22
155,False,838,obj10,318,4,22
155,False,839,obj10,318,4,22
155,False,840,obj10,318,4,22
155,False,841,obj10,318,4,22
155,False,842,obj10,318,4,22
155,False,843,obj10,318,4,22
155,False,844,obj10,318,4,22
155,False,845,obj10,318,4,22
155,False,846,obj10,318,4,22
155,False,847,obj10,318,4,22
155,False,848,obj10,318,4,22
155,False,849,obj10,318,4,22
155,False,850,obj10,318,4,22
155,False,851,obj10,318,4,22
155,False,852,obj10,318,4,22
155,False,853,obj10,318,4,22
155,False,854,obj10,318,4,22
155,False,855,obj10,318,4,22
155,False,856,obj10,318,4,22
155,False,857,obj10,318,4,22
155,False,858,obj10,318,4,22
155,False,859,obj10,318,4,22
155,False,860,obj10,318,4,22
155,False,861,obj10,318,4,22
155,False,862,obj10,318,4,22
155,False,863,obj10,318,4,22
155,False,864,obj10,318,4,22
155,False,865,obj10,318,4,22
155,False,866,obj10,318,4,22
155,False,867,obj10,318,4,22
155,False,868,obj10,318,4,22
155,False,869,obj10,318,4,22
155,False,870,obj10,318,4,22
155,False,871,obj10,318,4,22
155,False,872,obj10,318,4,22
155,False,873,obj10,318,4,22
155,False,874,obj10,318,4,22
155,False,875,obj10,318,4,22
155,False,876,obj10,318,4,22
155,False,877,obj10,318,4,22
155,False,878,obj10,318,4,22
155,False,879,obj10,318,4,22
155,False,880,obj10,318,4,22
155,False,881,obj10,318,4,22
155,False,882,obj10,318,4,22
155,False,883,obj10,318,4,22
155,False,884,obj10,318,4,22
155,False,885,obj10,318,4,22
155,False,886,obj10,318,4,22
155,False,887,obj10,318,4,22
155,False,888,obj10,318,4,22
155,False,889,obj10,318,4,22
155,False,890,obj10,318,4,22
155,False,891,obj10,318,4,22
155,False,892,obj10,318,4,22
155,False,893,obj10,318,4,22
155,False,894,obj10,318,4,22
155,False,895,obj10,318,4,22
155,False,896,obj10,318,4,22
155,False,897,obj10,318,4,22
155,False,898,obj10,318,4,22
155,False,899,obj10,318,4,22
155,False,900,obj10,318,4,22
155,False,901,obj10,318,4,22
155,False,902,obj10,318,4,22
155,False,903,obj10,318,4,22
155,False,904,obj10,318,4,22
155,False,905,obj10,318,4,22
155,False,906,obj10,318,4,22
155,False,907,obj10,318,4,22
155,False,908,obj10,318,4,22
155,False,909,obj10,318,4,22
155,False,910,obj10,318,4,22
155,False,911,obj10,318,4,22
155,False,912,obj10,318,4,22
155,False,913,obj10,318,4,22
155,False,914,obj10,318,4,22
155,False,915,obj10,318,4,22
155,False,916,obj10,318,4,22
155,False,917,obj10,318,4,22
155,False,918,obj10,318,4,22
155,False,919,obj10,318,4,22
155,False,920,obj10,318,4,22
155,False,921,obj10,318,4,22
155,False,922,obj10,318,4,22
155,False,923,obj10,318,4,22
155,False,924,obj10,318,4,22
155,False,925,obj10,318,4,22
155,False,926,obj10,318,4,22
155,False,927,obj10,318,4,22
155,False,928,obj10,318,4,22
155,False,929,obj10,318,4,22
155,False,930,obj10,318,4,22
155,False,931,obj10,318,4,22
155,False,932,obj10,318,4,22
155,False,933,obj10,318,4,22
155,False,934,obj10,318,4,22
155,False,935,obj10,318,4,22
155,False,936,obj10,318,4,22
155,False,937,obj10,318,4,22
155,False,938,obj10,318,4,22
155,False,939,obj10,318,4,22
155,False,940,obj10,318,4,22
155,False,941,obj10,318,4,22
155,False,942,obj10,318,4,22
155,False,943,obj10,318,4,22
155,False,944,obj10,318,4,22
155,False,945,obj10,318,4,22
155,False,946,obj10,318,4,22
155,False,947,obj10,318,4,22
155,False,948,obj10,318,4,22
155,False,949,obj10,318,4,22
155,False,950,obj10,318,4,22
155,False,951,obj10,318,4,22
155,False,952,obj10,318,4,22
155,False,953,obj10,318,4,22
155,False,954,obj10,318,4,22
155,False,955,obj10,318,4,22
155,False,956,obj10,318,4,22
155,False,957,obj10,318,4,22
155,False,958,obj10,318,4,22
155,False,959,obj10,318,4,22
155,False,960,obj10,318,4,22
155,False,961,obj10,318,4,22
155,False,962,obj10,318,4,22
155,False,963,obj10,318,4,22
155,False,964,obj10,318,4,22
155,False,965,obj10,318,4,22
155,False,966,obj10,318,4,22
155,False,967,obj10,318,4,22
155,False,968,obj10,318,4,22
155,False,969,obj10,318,4,22
155,False,970,obj10,318,4,22
155,False,971,obj10,318,4,22
155,False,972,obj10,318,4,22
155,False,973,obj10,318,4,22
155,False,974,obj10,318,4,22
155,False,975,obj10,318,4,22
155,False,976,obj10,318,4,22
155,False,977,obj10,318,4,22
155,False,978,obj10,318,4,22
155,False,979,obj10,318,4,22
155,False,980,obj10,318,4,22
155,False,981,obj10,318,4,22
155,False,982,obj10,318,4,22
155,False,983,obj10,318,4,22
155,False,984,obj10,318,4,22
155,False,985,obj10,318,4,22
155,False,986,obj10,318,4,22
155,False,987,obj10,318,4,22
155,False,988,obj10,318,4,22
155,False,989,obj10,318,4,22
155,False,990,obj10,318,4,22
155,False,991,obj10,318,4,22
155,False,992,obj10,318,4,22
155,False,993,obj10,318,4,22
155,False,994,obj10,318,4,22
155,False,995,obj10,318,4,22
155,False,996,obj10,318,4,22
155,False,997,obj10,318,4,22
155,False,998,obj10,318,4,22
155,False,999,obj10,318,4,22
155,False,1000,obj10,318,4,22
155,False,1001,obj10,318,4,22
155,False,1002,obj10,318,4,22
155,False,1003,obj10,318,4,22
155,False,1004,obj10,318,4,22
155,False,1005,obj10,318,4,22
155,False,1006,obj10,318,4,22
155,False,1007,obj10,318,4,22
155,False,1008,obj10,318,4,22
155,False,1009,obj10,318,4,22
155,False,1010,obj10,318,4,22
155,False,1011,obj10,318,4,22
155,False,1012,obj10,318,4,22
155,False,1013,obj10,318,4,22
155,False,1014,obj10,318,4,22
155,False,1015,obj10,318,4,22
155,False,1016,obj10,318,4,22
155,False,1017,obj10,318,4,22
155,False,1018,obj10,318,4,22
155,False,1019,obj10,318,4,22
155,False,1020,obj10,318,4,22
155,False,1021,obj10,318,4,22
155,False,1022,obj10,318,4,22
155,False,1023,obj10,318,4,22
155,False,1024,obj10,318,4,22
155,False,1025,obj10,318,4,22
155,False,1026,obj10,318,4,22
155,False,1027,obj10,318,4,22
155,False,1028,obj10,318,4,22
155,False,1029,obj10,318,4,22
155,False,1030,obj10,318,4,22
155,False,1031,obj10,318,4,22
155,False,1032,obj10,318,4,22
155,False,1033,obj10,318,4,22
155,False,1034,obj10,318,4,22
155,False,1035,obj10,318,4,22
155,False,1036,obj10,318,4,22
155,False,1037,obj10,318,4,22
155,False,1038,obj10,318,4,22
155,False,1039,obj10,318,4,22
155,False,1040,obj10,318,4,22
155,False,1041,obj10,318,4,22
155,False,1042,obj10,318,4,22
155,False,1043,obj10,318,4,22
155,False,1044,obj10,318,4,22
155,False,1045,obj10,318,4,22
155,False,1046,obj10,318,4,22
155,False,1047,obj10,318,4,22
155,False,1048,obj10,318,4,22
155,False,1049,obj10,318,4,22
155,False,1050,obj10,318,4,22
155,False,1051,obj10,318,4,22
155,False,1052,obj10,318,4,22
155,False,1053,obj10,318,4,22
155,False,1054,obj10,318,4,22
155,False,1055,obj10,318,4,22
155,False,1056,obj10,318,4,22
155,False,1057,obj10,318,4,22
155,False,1058,obj10,318,4,22
155,False,1059,obj10,318,4,22
155,False,1060,obj10,318,4,22
155,False,1061,obj10,318,4,22
155,False,1062,obj10,318,4,22
155,False,1063,obj10,318,4,22
155,False,1064,obj10,318,4,22
155,False,1065,obj10,318,4,22
155,False,1066,obj10,318,4,22
155,False,1067,obj10,318,4,22
155,False,1068,obj10,318,4,22
155,False,1069,obj10,318,4,22
155,False,1070,obj10,318,4,22
155,False,1071,obj10,318,4,22
155,False,1072,obj10,318,4,22
155,False,1073,obj10,318,4,22
155,False,1074,obj10,318,4,22
155,False,1075,obj10,318,4,22
155,False,1076,obj10,318,4,22
155,False,1077,obj10,318,4,22
155,False,1078,obj10,318,4,22
155,False,1079,obj10,318,4,22
155,False,1080,obj10,318,4,22
155,False,1081,obj10,318,4,22
155,False,1188,obj10,318,4,22
155,False,1189,obj10,318,4,22
155,False,1190,obj10,318,4,22
155,False,1191,obj10,318,4,22
155,False,1192,obj10,318,4,22
155,False,1193,obj10,318,4,22
155,False,1194,obj10,318,4,22
155,False,1195,obj10,318,4,22
155,False,1196,obj10,318,4,22
155,False,1197,obj10,318,4,22
155,False,1198,obj10,318,4,22
155,False,1199,obj10,318,4,22
155,False,1200,obj10,318,4,22
155,False,1201,obj10,318,4,22
155,False,1202,obj10,318,4,22
155,False,1203,obj10,318,4,22
155,False,1204,obj10,318,4,22
155,False,1205,obj10,318,4,22
155,False,1206,obj10,318,4,22
155,False,1207,obj10,318,4,22
155,False,1208,obj10,318,4,22
155,False,1209,obj10,318,4,22
155,False,1210,obj10,318,4,22
155,False,1211,obj10,318,4,22
155,False,1314,obj10,318,4,22
155,False,1315,obj10,318,4,22
155,False,1316,obj10,318,4,22
155,False,1317,obj10,318,4,22
155,False,1318,obj10,318,4,22
155,False,1319,obj10,318,4,22
155,False,1320,obj10,318,4,22
155,False,1321,obj10,318,4,22
155,False,1322,obj10,318,4,22
155,False,1323,obj10,318,4,22
155,False,1324,obj10,318,4,22
155,False,1325,obj10,318,4,22
155,False,1326,obj10,318,4,22
155,False,1327,obj10,318,4,22
155,False,1328,obj10,318,4,22
155,False,1329,obj10,318,4,22
155,False,1330,obj10,318,4,22
155,False,1331,obj10,318,4,22
155,False,1332,obj10,318,4,22
155,False,1333,obj10,318,4,22
155,False,1334,obj10,318,4,22
155,False,1335,obj10,318,4,22
155,False,1336,obj10,318,4,22
155,False,1337,obj10,318,4,22
155,False,1338,obj10,318,4,22
155,False,1339,obj10,318,4,22
155,False,1340,obj10,318,4,22
155,False,1341,obj10,318,4,22
155,False,1342,obj10,318,4,22
155,False,1343,obj10,318,4,22
155,False,1344,obj10,318,4,22
155,False,1345,obj10,318,4,22
155,False,1346,obj10,318,4,22
155,False,1347,obj10,318,4,22
155,False,1348,obj10,318,4,22
155,False,1349,obj10,318,4,22
155,False,1350,obj10,318,4,22
155,False,1351,obj10,318,4,22
155,False,1352,obj10,318,4,22
155,False,1353,obj10,318,4,22
155,False,1354,obj10,318,4,22
155,False,1355,obj10,318,4,22
155,False,1356,obj10,318,4,22
155,False,1357,obj10,318,4,22
155,False,1358,obj10,318,4,22
155,False,1359,obj10,318,4,22
155,False,1360,obj10,318,4,22
155,False,1361,obj10,318,4,22
155,False,1362,obj10,318,4,22
155,False,1363,obj10,318,4,22
155,False,1364,obj10,318,4,22
155,False,1365,obj10,318,4,22
155,False,1366,obj10,318,4,22
155,False,1367,obj10,318,4,22
155,False,1368,obj10,318,4,22
155,False,1369,obj10,318,4,22
155,False,1370,obj10,318,4,22
155,False,1371,obj10,318,4,22
155,False,1372,obj10,318,4,22
155,False,1373,obj10,318,4,22
155,False,1374,obj10,318,4,22
155,False,1375,obj10,318,4,22
155,False,1376,obj10,318,4,22
155,False,1377,obj10,318,4,22
155,False,1378,obj10,318,4,22
155,False,1379,obj10,318,4,22
155,False,1380,obj10,318,4,22
155,False,1381,obj10,318,4,22
155,False,1382,obj10,318,4,22
155,False,1383,obj10,318,4,22
155,False,1384,obj10,318,4,22
155,False,1385,obj10,318,4,22
155,False,1386,obj10,318,4,22
155,False,1387,obj10,318,4,22
155,False,1388,obj10,318,4,22
155,False,1389,obj10,318,4,22
155,False,1390,obj10,318,4,22
155,False,1391,obj10,318,4,22
155,False,1392,obj10,318,4,22
155,False,1393,obj10,318,4,22
155,False,1394,obj10,318,4,22
155,False,1395,obj10,318,4,22
155,False,1396,obj10,318,4,22
155,False,1397,obj10,318,4,22
155,False,1398,obj10,318,4,22
155,False,1399,obj10,318,4,22
155,False,1400,obj10,318,4,22
155,False,1401,obj10,318,4,22
155,False,1402,obj10,318,4,22
155,False,1403,obj10,318,4,22
155,False,1404,obj10,318,4,22
155,False,1405,obj10,318,4,22
155,False,1406,obj10,318,4,22
155,False,1407,obj10,318,4,22
155,False,1408,obj10,318,4,22
155,False,1409,obj10,318,4,22
155,False,1410,obj10,318,4,22
155,False,1411,obj10,318,4,22
155,False,1412,obj10,318,4,22
155,False,1413,obj10,318,4,22
155,False,1414,obj10,318,4,22
155,False,1415,obj10,318,4,22
155,False,1416,obj10,318,4,22
155,False,1417,obj10,318,4,22
155,False,1418,obj10,318,4,22
155,False,1419,obj10,318,4,22
155,False,1420,obj10,318,4,22
155,False,1421,obj10,318,4,22
155,False,1422,obj10,318,4,22
155,False,1423,obj10,318,4,22
155,False,1424,obj10,318,4,22
155,False,1425,obj10,318,4,22
155,False,1426,obj10,318,4,22
155,False,1427,obj10,318,4,22
155,False,1428,obj10,318,4,22
155,False,1429,obj10,318,4,22
155,False,1430,obj10,318,4,22
155,False,1431,obj10,318,4,22
155,False,1432,obj10,318,4,22
155,False,1433,obj10,318,4,22
155,False,1434,obj10,318,4,22
155,False,1435,obj10,318,4,22
155,False,1436,obj10,318,4,22
155,False,1437,obj10,318,4,22
155,False,1438,obj10,318,4,22
155,False,1439,obj10,318,4,22
155,False,1440,obj10,318,4,22
155,False,1441,obj10,318,4,22
155,False,1442,obj10,318,4,22
155,False,1443,obj10,318,4,22
155,False,1444,obj10,318,4,22
155,False,1445,obj10,318,4,22
155,False,1446,obj10,318,4,22
155,False,1447,obj10,318,4,22
155,False,1448,obj10,318,4,22
155,False,1449,obj10,318,4,22
155,False,1450,obj10,318,4,22
155,False,1451,obj10,318,4,22
155,False,5306,obj10,318,4,22
